NoDur,Durbl,Manuf,Enrgy,HiTec,Telcm,Shops,Hlth,Utils,Other,Date
-0.0424,-0.0825,-0.073,-0.11449999999999999,-0.0906,-0.025699999999999997,-0.0588,-0.0712,-0.042300000000000004,-0.0883,1970-01-01
0.046799999999999994,0.0557,0.051399999999999994,0.0538,0.0294,0.0796,0.052300000000000006,0.055999999999999994,0.0836,0.095,1970-02-01
-0.0078000000000000005,0.0487,-0.0029,-0.0045000000000000005,-0.0258,0.0229,-0.0169,-0.0508,0.0291,-0.019,1970-03-01
-0.1012,-0.0886,-0.0897,-0.0917,-0.1434,-0.08789999999999999,-0.1108,-0.1011,-0.0805,-0.1368,1970-04-01
-0.0745,-0.0645,-0.0751,0.026099999999999998,-0.0955,-0.0375,-0.09449999999999999,-0.07780000000000001,-0.0536,-0.0825,1970-05-01
-0.0147,-0.0415,-0.0481,-0.024700000000000003,-0.1177,-0.0848,-0.04019999999999999,-0.0051,-0.047,-0.0683,1970-06-01
0.0668,0.106,0.051100000000000007,0.1276,0.0235,0.1026,0.1038,0.0216,0.087,0.08039999999999999,1970-07-01
0.014499999999999999,0.08220000000000001,0.0462,0.0654,0.08,0.025099999999999997,0.053399999999999996,0.018000000000000002,0.0467,0.0512,1970-08-01
0.055099999999999996,0.0268,0.0397,0.0319,0.1017,-0.0095,0.0794,0.0803,-0.0052,0.0761,1970-09-01
0.006999999999999999,-0.02,-0.0315,0.0296,-0.035,-0.0375,-0.0168,0.0026,-0.008199999999999999,-0.058899999999999994,1970-10-01
0.0484,0.0696,0.0391,0.0493,0.0405,0.061200000000000004,0.0687,0.0296,0.09390000000000001,0.0387,1970-11-01
0.07429999999999999,0.0616,0.0801,0.0226,0.044000000000000004,0.06849999999999999,0.054000000000000006,0.0537,0.0717,0.0836,1970-12-01
0.048600000000000004,0.0387,0.058499999999999996,0.0034000000000000002,0.053899999999999997,0.0977,0.083,0.049400000000000006,0.029300000000000003,0.0781,1971-01-01
0.0377,0.022400000000000003,0.0125,0.0479,0.027999999999999997,-0.053,0.0364,0.0139,-0.0259,0.0236,1971-02-01
0.0444,0.034300000000000004,0.0409,0.0276,0.0806,0.0070999999999999995,0.0683,0.0368,0.0241,0.059699999999999996,1971-03-01
0.0217,0.0849,0.0426,0.0431,0.0232,0.008199999999999999,0.0496,0.042300000000000004,-0.0354,0.0436,1971-04-01
-0.0302,-0.0426,-0.0225,-0.047400000000000005,-0.061399999999999996,-0.0521,-0.0178,-0.021,-0.037000000000000005,-0.044199999999999996,1971-05-01
-0.0013,-0.0066,0.0039000000000000003,0.0103,-0.0218,0.0104,0.0034999999999999996,0.0202,0.043,-0.012199999999999999,1971-06-01
-0.0213,-0.0555,-0.048799999999999996,-0.0213,-0.0858,-0.0361,-0.035,-0.0225,-0.0213,-0.0385,1971-07-01
0.031,0.1056,0.0636,-0.012,0.056900000000000006,-0.0032,0.061900000000000004,0.0327,-0.0232,0.0702,1971-08-01
-7.000000000000001e-4,-7.000000000000001e-4,-0.0032,-0.016399999999999998,-0.0155,0.0023,0.0073,0.0066,-0.015,-0.0042,1971-09-01
-0.0432,-0.052000000000000005,-0.0603,-0.042800000000000005,-0.0435,-0.0174,-0.0344,-0.025,0.020499999999999997,-0.042,1971-10-01
-0.0034999999999999996,0.0033,-0.009899999999999999,6e-4,0.0177,0.0038,0.0024,0.0058,-0.0121,-0.0023,1971-11-01
0.10529999999999999,0.0613,0.0986,0.08839999999999999,0.1127,0.0736,0.1016,0.079,0.081,0.0819,1971-12-01
0.025,0.0323,0.0322,0.0016,0.08349999999999999,0.009399999999999999,0.0044,0.026000000000000002,-0.003,0.0333,1972-01-01
0.0464,0.0084,0.049800000000000004,0.026099999999999998,0.0189,0.0016,0.0565,0.0713,-0.025,0.0225,1972-02-01
9e-4,0.042300000000000004,0.024900000000000002,-0.0546,0.0109,-0.0032,0.019799999999999998,0.0046,-0.0015,0.023399999999999997,1972-03-01
0.0192,-0.0053,0.0197,-0.0069,0.0076,-0.0105,-0.005600000000000001,0.0108,-0.0281,0.0182,1972-04-01
0.0040999999999999995,-0.01,0.019,0.0365,0.0373,0.011899999999999999,0.0158,0.0352,-0.0017000000000000001,-0.0063,1972-05-01
-0.011399999999999999,-0.0288,-0.0225,-0.0091,-0.0253,-0.0274,-0.0403,0.025099999999999997,-0.0155,-0.0453,1972-06-01
-0.0158,-0.0213,0.0049,-0.010700000000000001,0.0097,0.0075,-0.0246,0.0313,4e-4,-0.029300000000000003,1972-07-01
-0.0011,0.0378,0.0229,0.12380000000000001,0.028399999999999998,0.0516,-0.0040999999999999995,0.0105,0.0596,0.0361,1972-08-01
-0.0262,-0.0089,-0.012199999999999999,-0.0024,-0.0115,0.0431,-0.005,-0.0044,0.0019,-0.0172,1972-09-01
0,-0.024399999999999998,0.0115,0.031,-0.0334,0.023,0.0088,0.0151,0.0675,0.011399999999999999,1972-10-01
0.0688,0.0793,0.0418,0.061900000000000004,0.0252,0.071,0.0602,-0.005600000000000001,0.064,0.051399999999999994,1972-11-01
0.0053,0.016399999999999998,0.009300000000000001,0.0105,0.019799999999999998,0.014499999999999999,0.0173,0.0374,-0.0154,-0.0072,1972-12-01
-0.0475,-0.067,-0.037000000000000005,0.050300000000000004,0.0196,-0.0212,-0.0409,-0.011899999999999999,-0.042800000000000005,-0.07440000000000001,1973-01-01
-0.0436,-0.058499999999999996,-0.0229,-0.0735,-0.03,-0.0462,-0.0645,-0.0070999999999999995,-0.0197,-0.060599999999999994,1973-02-01
-0.0106,-0.0282,-0.0022,0.0305,-0.012,0.0054,-0.0564,0.0078000000000000005,-0.0215,-0.0026,1973-03-01
-0.061900000000000004,-0.0519,-0.044000000000000004,-0.0098,-0.0665,0.0088,-0.085,-0.054900000000000004,-0.006,-0.0775,1973-04-01
-0.0212,-0.04190000000000001,-0.011399999999999999,-0.0353,-0.026000000000000002,-0.008199999999999999,-0.022099999999999998,0.010700000000000001,0.0036,-0.049800000000000004,1973-05-01
-0.034300000000000004,-0.0253,-0.0034999999999999996,0.0163,-5e-4,-0.0032,-0.0575,0,-0.024900000000000002,-0.0025,1973-06-01
0.07440000000000001,0.0727,0.0664,0.003,0.0495,-0.0032,0.1116,0.0687,-0.0239,0.0956,1973-07-01
-0.0333,-0.0395,-0.0147,-0.0379,-0.0369,-0.0391,-0.0416,-0.0689,-0.021,-0.023,1973-08-01
0.059000000000000004,0.0781,0.045599999999999995,0.09210000000000002,-0.028399999999999998,0.0765,0.07200000000000001,0.0078000000000000005,0.079,0.0723,1973-09-01
-0.0225,-0.0434,0.0044,0.051699999999999996,0.0391,-0.0554,-0.0366,0.0183,-0.0339,-0.0102,1973-10-01
-0.1431,-0.161,-0.1425,-0.061900000000000004,-0.1143,-0.019,-0.1892,-0.0775,-0.11599999999999999,-0.13449999999999998,1973-11-01
-0.0155,-0.037599999999999995,0.0128,0.0867,-0.0432,0.0455,-0.0022,-0.0447,0.0342,0.024900000000000002,1973-12-01
0.024300000000000002,0.060899999999999996,0.0040999999999999995,-0.0746,0.0124,0.02,0.06709999999999999,-0.0256,0.0455,0.011399999999999999,1974-01-01
7.000000000000001e-4,-0.0108,1e-4,-0.0155,-0.006,0.0475,0.008,-0.0123,0.0029,0.0102,1974-02-01
-0.0189,-9e-4,-0.0076,-0.032400000000000005,-0.0271,-0.045899999999999996,-0.031200000000000002,0.012199999999999999,-0.0364,-0.0363,1974-03-01
-0.0369,-0.0409,-0.0204,-0.06309999999999999,-0.0363,-0.053099999999999994,-0.0197,-0.0148,-0.1219,-0.0637,1974-04-01
-0.0288,0.0042,-0.0253,-0.0747,-0.042,-0.0152,0.0121,-0.0011,-0.049,-0.08439999999999999,1974-05-01
-0.005600000000000001,-0.0263,-0.0040999999999999995,-0.003,-0.0294,0.003,-0.027200000000000002,-0.0161,-0.061799999999999994,-0.055,1974-06-01
-0.1015,-0.1186,-0.0716,-0.0052,-0.08220000000000001,-0.07629999999999999,-0.1281,-0.14150000000000001,0.0077,-0.0661,1974-07-01
-0.1016,-0.0662,-0.1013,-0.08560000000000001,-0.049,-1e-4,-0.1305,-0.08039999999999999,-0.0862,-0.10619999999999999,1974-08-01
-0.12179999999999999,-0.1292,-0.1285,-0.0795,-0.16899999999999998,-0.038,-0.12279999999999999,-0.15560000000000002,-0.0131,-0.0962,1974-09-01
0.1566,0.044800000000000006,0.1605,0.2078,0.1472,0.1085,0.1001,0.2958,0.1301,0.20190000000000002,1974-10-01
-0.0385,-0.046900000000000004,-0.0592,-0.0424,-0.049400000000000006,-0.030899999999999997,-0.0574,-0.012199999999999999,-0.0013,-0.0277,1974-11-01
-0.005600000000000001,-0.0408,-0.044500000000000005,0.0083,-0.0525,0.015700000000000002,-0.0336,-0.0332,-0.008100000000000001,-0.0435,1974-12-01
0.18710000000000002,0.215,0.1451,0.0677,0.153,0.1109,0.25920000000000004,-0.0074,0.188,0.1789,1975-01-01
0.0404,0.0493,0.08,0.0226,0.13140000000000002,0.0516,0.0516,0.1604,0.009000000000000001,0.0287,1975-02-01
0.07139999999999999,0.0662,0.0506,-0.0232,0.009899999999999999,-0.0086,0.1076,0.0129,-0.0132,0.0415,1975-03-01
0.0301,0.0412,0.0956,0.0725,0.0557,-0.0096,0.0259,0.006500000000000001,-0.0161,0.0327,1975-04-01
0.052199999999999996,0.025699999999999997,0.0278,0.1235,0.0592,0.0352,0.04,0.0652,0.0852,0.0572,1975-05-01
0.0525,0.1023,0.0356,0.0625,0.0229,0.0404,0.0745,0.0095,0.10710000000000001,0.059500000000000004,1975-06-01
-0.0538,-0.0203,-0.0591,-0.0424,-0.0942,-0.0421,-0.0746,-0.12029999999999999,-0.0478,-0.061399999999999996,1975-07-01
-0.031400000000000004,-0.0347,-0.008,-0.0089,-0.0297,-0.0356,-0.0039000000000000003,-0.0332,-0.0124,-0.051399999999999994,1975-08-01
-0.024399999999999998,-0.0246,-0.057999999999999996,-0.0116,-0.0085,-0.0126,-0.0349,-0.0653,-0.009899999999999999,-0.06309999999999999,1975-09-01
0.1059,0.0882,0.0567,-0.013300000000000001,0.084,0.0682,0.0992,0.10679999999999999,0.0658,0.0391,1975-10-01
0.0409,0.0335,0.0301,-0.016399999999999998,0.050300000000000004,0.0426,0.0466,0.0513,0.0315,0.0358,1975-11-01
-0.0151,-0.0044,-0.0132,9e-4,-0.0125,-0.0011,-0.0304,-0.0636,0.0134,-0.0026,1975-12-01
0.1092,0.1562,0.1685,0.08460000000000001,0.1826,0.0949,0.0898,0.07730000000000001,0.083,0.1295,1976-01-01
-0.010700000000000001,0.0388,0.0173,-0.0311,0.0116,0.035699999999999996,0.046799999999999994,-0.0653,-0.0352,0.0313,1976-02-01
0.0073,0.0353,0.011399999999999999,0.0722,0.029300000000000003,0.0058,0.0346,0.0653,0.0144,0.019799999999999998,1976-03-01
-0.0167,0.0184,-0.014199999999999999,0.0215,-0.0341,0.0172,-0.0467,-0.043,0.0063,-0.0155,1976-04-01
-0.0215,-0.0311,-0.0123,0.055099999999999996,0.0049,-0.0294,-0.057699999999999994,-0.0281,-0.0146,-0.0171,1976-05-01
0.0362,0.042199999999999994,0.037000000000000005,0.0509,0.08199999999999999,0.0358,0.0152,0.036699999999999997,0.0425,0.054000000000000006,1976-06-01
0.0148,-0.0106,-0.018500000000000003,-0.0062,-0.022000000000000002,0.0125,-0.0233,-0.0038,0.0282,-5e-4,1976-07-01
-0.0031,-0.0144,-0.0168,-0.0086,-0.0083,0.047400000000000005,0.028900000000000002,0.0217,0.0296,-0.011399999999999999,1976-08-01
0.0155,0.0449,0.0108,0.0591,0.028999999999999998,0.0159,0.0043,0.0362,0.0408,0.009000000000000001,1976-09-01
-0.016200000000000003,-0.0115,-0.0327,-0.0242,-0.045,0.0129,-0.0089,-0.0374,-0.008100000000000001,-0.0043,1976-10-01
0.0174,-0.0070999999999999995,-0.0038,0.008199999999999999,0.016399999999999998,0.031400000000000004,0.0484,-0.0971,0.031400000000000004,0.0208,1976-11-01
0.052199999999999996,0.0967,0.058499999999999996,0.0633,0.0385,0.0344,0.0233,0.0626,0.0649,0.08410000000000001,1976-12-01
-0.0409,-0.042,-0.0601,0.0029,-0.0387,0.0011,-0.07150000000000001,-0.08839999999999999,0.0084,-0.0418,1977-01-01
-0.0139,-0.0349,-0.0063,-0.0301,-0.0063,0.009899999999999999,-0.0183,-0.0021,-0.034,-0.0172,1977-02-01
-0.0139,-0.0334,-0.0034000000000000002,-0.0208,-3e-4,-0.0103,-0.0276,-0.0179,0.0019,-9e-4,1977-03-01
0.0053,0.0316,0.0058,0.0253,-0.0346,0.0066,-0.034300000000000004,-0.0521,0.0194,0.021400000000000002,1977-04-01
-0.009399999999999999,-0.0049,-0.0296,-0.0040999999999999995,-0.0149,0.0144,-0.0276,-0.018799999999999997,0.0168,-0.0086,1977-05-01
0.0453,0.0429,0.034,0.060899999999999996,0.07769999999999999,0.019299999999999998,0.060599999999999994,0.09029999999999999,0.057,0.053,1977-06-01
0.012199999999999999,-0.024399999999999998,-0.0362,-0.018000000000000002,-0.0016,-0.0086,-0.0018,-0.022400000000000003,0.0087,-0.0039000000000000003,1977-07-01
0.0011,-0.0085,-0.0126,-0.057699999999999994,0.005,-0.0226,0.0462,0.0383,-0.0323,-0.012199999999999999,1977-08-01
0.0025,0.0155,-0.0098,0.0073,-0.0178,0.0348,-0.0070999999999999995,-0.0089,0.020099999999999996,-7.000000000000001e-4,1977-09-01
-0.0335,-0.0446,-0.0458,-0.0355,-0.0322,-0.050499999999999996,-0.0317,-0.0175,-0.031400000000000004,-0.044500000000000005,1977-10-01
0.045899999999999996,0.0195,0.0433,0.0345,0.0525,0.0218,0.0558,0.0608,0.042800000000000005,0.065,1977-11-01
0,-0.0075,0.0073,0.0189,0.0239,0.0215,-0.0125,0.0062,-0.0033,0.0060999999999999995,1977-12-01
-0.053,-0.06860000000000001,-0.0605,-0.0693,-0.0475,-0.0416,-0.0684,-0.0192,-0.0453,-0.053200000000000004,1978-01-01
0.0012,0.0039000000000000003,-0.0262,-0.0108,-0.0345,0.041299999999999996,-0.0043,-0.03,-0.0040999999999999995,-0.0015,1978-02-01
0.0417,0.060899999999999996,0.039,0.0206,-0.0060999999999999995,0.0262,0.0286,0.0417,0.024700000000000003,0.0545,1978-03-01
0.0692,0.0962,0.11460000000000001,0.06709999999999999,0.133,0.029300000000000003,0.1084,0.0925,0.0018,0.09369999999999999,1978-04-01
0.042199999999999994,0.002,0.0412,0.0089,0.0167,-0.0039000000000000003,0.0125,0.051699999999999996,0.0070999999999999995,0.026099999999999998,1978-05-01
-0.0026,-0.0281,-0.0147,-0.0374,-0.0034999999999999996,-0.015300000000000001,-0.0197,0.011399999999999999,0.0084,-0.0033,1978-06-01
0.0353,0.0471,0.0784,0.0334,0.0858,0.014199999999999999,0.051399999999999994,0.0886,0.028300000000000002,0.0661,1978-07-01
0.0414,0.0298,0.0394,0.0509,0.0601,0.0355,0.0571,0.009899999999999999,0.0046,0.0637,1978-08-01
-0.0038,-0.005,-0.021,0.04769999999999999,-0.0415,0.012199999999999999,-0.026600000000000002,-0.0275,-0.0024,-0.0127,1978-09-01
-0.1158,-0.1117,-0.1133,-0.1061,-0.10830000000000001,-0.0447,-0.1414,-0.1284,-0.0707,-0.1409,1978-10-01
0.021400000000000002,0.0073,0.0286,0.0617,0.0509,0.029900000000000003,0.0259,0.0519,0.03,0.0252,1978-11-01
0.017,-0.0060999999999999995,0.0144,0.0281,0.0642,9e-4,-0.006,0.0341,-0.0123,0.0129,1978-12-01
0.042,0.0508,0.0653,0.031200000000000002,0.043,0.0366,0.0575,0.014199999999999999,0.0636,0.060899999999999996,1979-01-01
-0.0351,-0.0359,-0.0449,0.0063,-0.0332,-0.0063,-0.044199999999999996,-0.0452,-0.0163,-0.0325,1979-02-01
0.041299999999999996,0.0661,0.0735,0.09359999999999999,0.0761,0.0016,0.061500000000000006,0.0504,0.0233,0.0817,1979-03-01
0.002,0.029500000000000002,-0.0046,0.0433,0.0032,-0.0215,0.0087,0.0043,-0.0274,0.0151,1979-04-01
-0.0177,-0.0070999999999999995,-0.0229,-0.024300000000000002,-0.0196,0.001,-0.024300000000000002,-0.0264,0.0143,-0.0031,1979-05-01
0.0331,0.0301,0.035,0.0926,0.005,0.0192,0.0286,0.0483,0.049699999999999994,0.0703,1979-06-01
0.0203,0.0206,0.0203,0.0158,-0.0151,-0.0011,0.0118,0.0015,0.0208,0.0332,1979-07-01
0.0755,0.047,0.07719999999999999,0.0789,0.0593,0.015300000000000001,0.0889,0.08560000000000001,0.0204,0.0582,1979-08-01
-0.0187,0.0042,-0.0072,0.0592,-0.0175,-0.0239,-0.0076,-0.0055000000000000005,-0.0217,-0.0069,1979-09-01
-0.0766,-0.094,-0.08839999999999999,-0.0255,-0.07730000000000001,-0.050499999999999996,-0.08900000000000001,-0.0434,-0.057999999999999996,-0.1017,1979-10-01
0.051399999999999994,-0.022000000000000002,0.0473,0.08900000000000001,0.0816,0.04019999999999999,0.0384,0.0877,0.0774,0.0703,1979-11-01
0.0338,0.0337,0.0446,0.0248,0.018000000000000002,-0.015300000000000001,0.030699999999999998,0.0208,-0.009899999999999999,0.04190000000000001,1979-12-01
0.031200000000000002,0.0909,0.0707,0.1422,0.0736,-0.0206,0.0131,-0.0129,0.015600000000000001,0.0554,1980-01-01
-0.048499999999999995,-0.063,-0.025,0.1294,-0.0355,-0.0148,-0.048499999999999995,-0.0463,-0.0339,-0.0339,1980-02-01
-0.08130000000000001,-0.08789999999999999,-0.1176,-0.1789,-0.1266,-0.0262,-0.0864,-0.0282,-0.0659,-0.12269999999999999,1980-03-01
0.0649,-0.0177,0.0321,0.06860000000000001,0.0072,0.0732,0.0336,0.0429,0.12,0.060599999999999994,1980-04-01
0.0794,0.0433,0.0623,0.0409,0.0482,0.05,0.1073,0.0696,0.045899999999999996,0.0812,1980-05-01
0.029900000000000003,0.0279,0.023399999999999997,0.0583,0.030299999999999997,-0.0058,0.0241,0.0022,0.0454,0.051,1980-06-01
0.0776,0.1174,0.1084,0.020099999999999996,0.1548,0.01,0.10830000000000001,0.0888,-0.001,0.069,1980-07-01
0.0143,0.0149,0.0158,0.0366,0.0366,0.063,0.018600000000000002,0.0027,-0.011699999999999999,0.0273,1980-08-01
0.0027,0.0098,0.0285,0.0652,0.0199,-0.0161,0.0128,0.0362,0.0015,0.0381,1980-09-01
0.0029,-0.0172,0.0043,0.0774,0.0197,-0.0325,-0.0115,-0.0124,0.0194,0.016399999999999998,1980-10-01
0.0091,0.0492,0.084,0.2429,0.0984,0,0.026000000000000002,0.0886,0.0738,0.0771,1980-11-01
0.0101,-0.0109,-0.0207,-0.1059,-0.011699999999999999,0.0083,-0.0137,0.045899999999999996,-0.0195,2e-4,1980-12-01
0.020099999999999996,-0.022400000000000003,-0.0196,-0.1015,-0.0809,0.0554,0.004699999999999999,-0.0161,-0.025699999999999997,-0.0323,1981-01-01
0.0248,0.0644,0.0436,-0.0044,0.004699999999999999,0.0215,0.027000000000000003,0.018500000000000003,-0.0127,0.0171,1981-02-01
0.0692,0.0699,0.059699999999999996,-0.0226,0.0499,0.011699999999999999,0.1272,0.059000000000000004,0.0298,0.0842,1981-03-01
0.0116,0.018799999999999997,-0.009399999999999999,-0.0754,0.0017000000000000001,0.0621,0.031,0.030299999999999997,-0.0268,0.0087,1981-04-01
0.026600000000000002,0.0286,-0.0037,-0.0387,0.042300000000000004,0.07139999999999999,0.0282,0.0344,0.0182,0.028399999999999998,1981-05-01
-0.0021,-0.042800000000000005,-0.0131,0.047,-0.0672,-0.0192,-0.014199999999999999,-0.0558,0.0344,-0.0138,1981-06-01
-0.0064,-0.0291,-0.0287,0.0793,-0.0379,0.0037,-0.034,-0.039,0.027999999999999997,-0.0271,1981-07-01
-0.0507,-0.079,-0.0689,-0.06280000000000001,-0.073,-0.008100000000000001,-0.055999999999999994,-0.07730000000000001,-0.0083,-0.0552,1981-08-01
-0.0218,-0.0297,-0.07150000000000001,-0.12279999999999999,-0.039,0.028399999999999998,-0.0364,-0.0128,-0.0553,-0.054400000000000004,1981-09-01
0.0741,-0.0415,0.0368,0.0992,0.0521,0.0602,0.0677,0.0795,0.048799999999999996,0.0716,1981-10-01
0.0265,0.048499999999999995,0.0452,0.069,0.015,0.027000000000000003,0.010700000000000001,0.0392,0.0592,0.050499999999999996,1981-11-01
-0.0181,0.0048,-0.0166,-0.0654,-3e-4,-0.014499999999999999,-0.0194,-0.0073,-0.0233,-0.0379,1981-12-01
-0.0092,0.011699999999999999,-0.0331,-0.08460000000000001,0.0273,0.0068000000000000005,0.0012,0.0143,-0.0067,-0.0323,1982-01-01
-0.0197,-0.0204,-0.0562,-0.1109,-0.053,-0.056799999999999996,-0.013600000000000001,-0.018000000000000002,-0.0036,-0.038900000000000004,1982-02-01
0.0245,0.0349,-0.0178,-0.0365,-0.0359,0.020499999999999997,0.042199999999999994,-0.0255,0.0166,-0.0131,1982-03-01
0.0667,0.0444,0.032400000000000005,0.0434,0.07440000000000001,-0.0018,0.0541,0.0739,0.0384,0.0371,1982-04-01
-0.0326,-0.019299999999999998,-0.0471,0.0231,-0.0541,-0.0102,-0.027200000000000002,-0.030299999999999997,-0.0052,-0.0547,1982-05-01
0.0167,0.0265,-0.0258,-0.0625,-0.023799999999999998,-0.0245,0.026699999999999998,-0.0075,-0.022099999999999998,-0.0242,1982-06-01
-0.0046,-0.0033,-0.0232,-0.0791,0.0152,0.012,0.0021,0.0079,-0.025699999999999997,-0.030299999999999997,1982-07-01
0.0917,0.1374,0.13970000000000002,0.0969,0.12789999999999999,0.1084,0.1258,0.12369999999999999,0.12,0.11359999999999999,1982-08-01
0.0525,-0.0073,-0.0108,0.0177,0.011699999999999999,0.009899999999999999,0.0475,0.013600000000000001,0.0106,0.0418,1982-09-01
0.1058,0.1655,0.1306,0.0558,0.1698,0.0812,0.16870000000000002,0.08199999999999999,0.0473,0.1574,1982-10-01
0.051699999999999996,0.0824,0.0579,-0.044000000000000004,0.10679999999999999,0.059500000000000004,0.1118,0.052000000000000005,0.0016,0.0764,1982-11-01
0.0097,0.030299999999999997,0.0073,0.0554,0.0265,-0.0123,-0.0209,0.0058,0.0432,-0.0134,1982-12-01
-0.0101,0.051699999999999996,0.050199999999999995,0.0362,0.08380000000000001,0.1244,0.0129,0.014199999999999999,0.036699999999999997,0.027999999999999997,1983-01-01
0.038,0.0363,0.040999999999999995,-0.0059,0.0359,-0.0036,0.079,0.028399999999999998,0.0159,0.045599999999999995,1983-02-01
0.0747,-0.011399999999999999,0.021,0.059699999999999996,0.0067,0.0064,0.0851,0.0452,0.0027,0.0496,1983-03-01
0.061900000000000004,0.10880000000000001,0.0633,0.09380000000000001,0.07490000000000001,0.051399999999999994,0.0857,0.050499999999999996,0.047599999999999996,0.08310000000000001,1983-04-01
-0.0095,-0.0207,0.0199,0.013500000000000002,0.0282,-0.0131,0.0048,-0.0273,0.026000000000000002,0.024300000000000002,1983-05-01
0.03,0.1041,0.0159,0.0641,0.0613,0.0017000000000000001,0.0611,0.0691,-0.0054,0.0168,1983-06-01
-0.0265,-0.039,-0.0258,-0.0226,-0.0536,-0.051699999999999996,-0.0327,-0.056799999999999996,0.0103,-0.0366,1983-07-01
0.0070999999999999995,-0.023799999999999998,0.0062,0.0683,-0.0111,0.022000000000000002,-0.0473,-0.0101,0.0152,-0.0072,1983-08-01
0.0466,0.043899999999999995,0.0226,-0.0463,0.0215,0.0226,0.0218,0.013000000000000001,0.0466,0.0158,1983-09-01
-0.0021,4e-4,-0.0229,-0.020499999999999997,-0.0694,-0.052000000000000005,-0.0176,-0.0218,0.030699999999999998,-0.0406,1983-10-01
0.023,0.042300000000000004,0.0646,-0.0043,0.023399999999999997,0.0317,0.0446,-0.0301,-0.0161,0.0471,1983-11-01
-0.0048,0.0092,-0.011200000000000002,0.021,0.0036,-0.0154,-0.0471,-0.0358,-0.0369,-0.0087,1983-12-01
-0.0069,-0.0538,-0.035,0.1011,-0.062,0.0409,-0.0588,-0.0062,0.014499999999999999,-0.016399999999999998,1984-01-01
-0.0572,-0.060899999999999996,-0.066,0.0387,-0.0593,-0.0368,-0.044500000000000005,-0.0203,-0.0333,-0.0492,1984-02-01
0.016200000000000003,0.0034999999999999996,0.0329,0.0026,0.0179,-0.0424,0.0121,-0.0067,-0.0029,0.024399999999999998,1984-03-01
0.005699999999999999,0.0132,-0.0013,0.0398,-0.0043,0.0218,0.0031,0.0232,-0.0048,-0.0204,1984-04-01
-0.0241,-0.057699999999999994,-0.057800000000000004,-0.0504,-0.0556,-0.035,-0.0516,-0.0645,-0.008,-0.0687,1984-05-01
0.0633,0.021099999999999997,0.0319,-0.0218,0.0176,0.12279999999999999,0.0742,0.038599999999999995,0.0045000000000000005,0.0222,1984-06-01
-0.016,0.0253,-0.0147,-0.0746,-0.0245,0.0281,0.0012,-0.037599999999999995,-1e-4,-0.0182,1984-07-01
0.08710000000000001,0.1001,0.1189,0.13970000000000002,0.13949999999999999,0.0672,0.0987,0.1043,0.0776,0.1118,1984-08-01
0.0126,-0.002,-0.0255,0.022400000000000003,-0.039900000000000005,0.028999999999999998,8e-4,-0.044199999999999996,0.0482,0.0219,1984-09-01
0.0138,0.0215,0.005600000000000001,-0.0447,-0.0049,-0.008100000000000001,-0.0074,0.0166,0.0334,0.0073,1984-10-01
0.0038,-0.0302,-0.0134,-0.0102,-0.0384,-0.0024,-0.0292,-8e-4,0.030600000000000002,-0.003,1984-11-01
0.025,0.0461,0.0215,-0.0054,0.0254,0.051,0.0077,0.0274,0.0263,0.0373,1984-12-01
0.049,0.0984,0.08470000000000001,0.0654,0.1261,0.058499999999999996,0.1319,0.08289999999999999,0.0239,0.09820000000000001,1985-01-01
0.0508,-0.015700000000000002,0.0134,0.0387,-0.0132,0.0269,0.0209,0.0358,0.0138,0.0213,1985-02-01
0.0463,-0.0526,-0.0278,0.014499999999999999,-0.0602,0.0547,-0.0060999999999999995,0.030699999999999998,0.061,-0.0015,1985-03-01
-0.0212,-0.0345,-0.0149,0.0381,-0.0364,0.009000000000000001,9e-4,-0.0177,0.0161,0.014199999999999999,1985-04-01
0.08,0.0593,0.060899999999999996,0.0075,0.028399999999999998,0.0663,0.0962,0.09449999999999999,0.0545,0.0633,1985-05-01
0.0276,0.015,0.015,-0.0076,-0.0070999999999999995,0.0409,0.0161,0.022799999999999997,0.0363,0.0297,1985-06-01
-0.0262,0.0239,0.0341,-0.0059,0.0441,-0.0455,-0.0398,-0.0046,-0.047,-0.0017000000000000001,1985-07-01
0.0074,-0.0264,-0.011399999999999999,0.0155,-0.0254,0.0054,-0.0060999999999999995,-0.008100000000000001,0.0191,-0.0049,1985-08-01
-0.0064,-0.0329,-0.0398,-0.013000000000000001,-0.0473,-0.0418,-0.0434,-0.0392,-0.0535,-0.0496,1985-09-01
0.036000000000000004,0.0085,0.032799999999999996,0.059500000000000004,0.0301,0.0408,0.06849999999999999,0.0319,0.0632,0.064,1985-10-01
0.08560000000000001,0.09939999999999999,0.0794,0.0034000000000000002,0.0864,0.0742,0.0799,0.0975,0.0424,0.07429999999999999,1985-11-01
0.0545,0.0719,0.0451,-0.0275,0.0827,0.061500000000000006,0.0455,0.0352,0.048499999999999995,0.0449,1985-12-01
0.0179,0.021400000000000002,0.0161,-0.0676,-0.0029,-0.0397,0.016399999999999998,0.010700000000000001,0.0378,0.0356,1986-01-01
0.1082,0.109,0.10220000000000001,0.008,0.049699999999999994,0.07400000000000001,0.0781,0.0613,0.06570000000000001,0.08380000000000001,1986-02-01
0.08109999999999999,0.0787,0.0602,0.0095,-8e-4,0.0385,0.0857,0.12050000000000001,0.039599999999999996,0.057699999999999994,1986-03-01
0.0042,-0.0351,-0.0173,0.0076,0.0393,0.024399999999999998,0.004,0.006999999999999999,-0.0397,-0.0262,1986-04-01
0.0888,0.0315,0.044000000000000004,0.0733,0.0096,0.048499999999999995,0.09849999999999999,0.0728,0.0363,0.0466,1986-05-01
0.063,-0.0129,-3e-4,-0.020499999999999997,-0.0397,0.0538,0.0384,0.0564,0.0504,0.015,1986-06-01
-0.0574,-0.0908,-0.0751,-0.051100000000000007,-0.0834,-0.03,-0.09539999999999998,-0.0535,0.051500000000000004,-0.0645,1986-07-01
0.0258,0.075,0.0645,0.1664,0.0698,0.0683,0.0167,0.04,0.079,0.0684,1986-08-01
-0.1084,-0.0815,-0.0654,-0.0088,-0.071,-0.0942,-0.08439999999999999,-0.1259,-0.0909,-0.08869999999999999,1986-09-01
0.08900000000000001,0.06480000000000001,0.0654,0.0191,0.0058,0.0463,0.0736,0.0799,0.0525,0.042199999999999994,1986-10-01
0.0072,0.048600000000000004,0.024900000000000002,0.0323,0.0355,0.0398,0.0176,0.013500000000000002,0.0055000000000000005,-0.0068000000000000005,1986-11-01
-0.0322,-0.022099999999999998,-0.0197,-0.0045000000000000005,-0.0368,-0.037000000000000005,-0.0625,-0.0123,-0.0329,-0.0253,1986-12-01
0.1456,0.18710000000000002,0.1445,0.1416,0.1653,0.053,0.11800000000000001,0.1316,0.09300000000000001,0.111,1987-01-01
0.056100000000000004,0.0345,0.0482,-0.0172,0.0944,3e-4,0.098,0.11259999999999999,-0.021400000000000002,0.046799999999999994,1987-02-01
0.011399999999999999,0.0463,0.0348,0.1182,0.0263,0.013999999999999999,0.017,0.0015,-0.0167,-0.0032,1987-03-01
-0.0368,0.0405,-0.016200000000000003,0.0012,0.0438,-0.0245,-0.027000000000000003,-0.0245,-0.0433,-0.041100000000000005,1987-04-01
0.0264,-0.0149,0.0034000000000000002,0.030600000000000002,0.003,0.0334,-6e-4,0.0125,-0.0184,-3e-4,1987-05-01
0.0678,0.0288,0.0518,0.06,-3e-4,0.0704,0.0626,0.0478,0.034,0.0464,1987-06-01
0.057300000000000004,0.0699,0.071,0.0319,0.01,0.0584,0.0574,0.057800000000000004,-0.0167,0.0358,1987-07-01
0.0368,0.056900000000000006,0.0285,0.0192,0.0745,0.051500000000000004,0.0334,0.022099999999999998,0.037000000000000005,0.0433,1987-08-01
-0.0282,-0.039900000000000005,0.0029,-0.038599999999999995,-0.0268,0.033,-0.0638,-0.025699999999999997,-0.0231,-0.018000000000000002,1987-09-01
-0.2102,-0.2691,-0.2734,-0.1845,-0.2593,-0.1226,-0.2807,-0.2045,-0.0692,-0.2368,1987-10-01
-0.0803,-0.0851,-0.051699999999999996,-0.1056,-0.0983,-0.0889,-0.08460000000000001,-0.09300000000000001,-0.025099999999999997,-0.066,1987-11-01
0.0757,0.0861,0.10859999999999999,0.0676,0.1192,0.0392,0.08539999999999999,0.0536,0.0055000000000000005,0.053899999999999997,1987-12-01
0.0302,0.0444,0.0028000000000000004,0.0842,-0.025,0.0998,0.056100000000000004,0.0637,0.0977,0.0634,1988-01-01
0.0604,0.06280000000000001,0.07730000000000001,0.0358,0.0745,0.0124,0.1026,0.04190000000000001,-0.014199999999999999,0.0432,1988-02-01
-0.015300000000000001,-0.042,-0.0134,0.0262,-0.046799999999999994,-0.0397,-0.0113,-0.0256,-0.0318,-0.0134,1988-03-01
-0.0015,0.029300000000000003,0.0161,0.0462,0.0262,0.0072,0.016,-0.02,-0.0029,-0.0037,1988-04-01
-0.0029,0.0124,-0.0042,-0.0042,-0.013300000000000001,0.023399999999999997,-0.0141,-0.0025,0.0358,0.009399999999999999,1988-05-01
0.034,0.0827,0.0759,-0.0208,0.09449999999999999,0.028900000000000002,0.06559999999999999,0.026699999999999998,0.0322,0.0603,1988-06-01
0.0167,-0.0084,-0.023399999999999997,0.0359,-0.051100000000000007,0.0016,-0.0083,0.0055000000000000005,-0.0022,-0.0060999999999999995,1988-07-01
-0.0015,-0.0666,-0.0443,-0.0148,-0.08199999999999999,-0.028999999999999998,-0.026099999999999998,-0.0106,-0.0012,-0.0088,1988-08-01
0.0654,0.0391,0.034300000000000004,-0.0248,0.028399999999999998,0.0706,0.08289999999999999,0.038,0.026699999999999998,0.041299999999999996,1988-09-01
0.08070000000000001,0.0335,0.0074,0.0189,-2e-4,0.0296,0.016,0.012,0.0252,1e-4,1988-10-01
-0.0116,-0.0096,-0.0217,-0.003,-0.0315,5e-4,-0.0277,-0.0215,-0.0048,-0.0217,1988-11-01
0.0352,0.003,0.0313,0.0184,0.048799999999999996,0.0125,0.0158,0.0181,0.0104,0.0091,1988-12-01
0.0565,0.076,0.075,0.0626,0.0712,0.0834,0.06269999999999999,0.0679,0.0274,0.0684,1989-01-01
-0.0144,-0.0296,-0.021,-0.0129,-0.037599999999999995,-0.0137,-0.018500000000000003,-0.0116,-0.0182,-0.0048,1989-02-01
0.0552,-0.013500000000000002,0.011899999999999999,0.038900000000000004,-0.055,0.0521,0.0276,0.0493,0.0054,0.0354,1989-03-01
0.0567,0.0049,0.0538,0.024900000000000002,0.051699999999999996,0.0968,0.0554,0.0542,0.0394,0.0461,1989-04-01
0.053200000000000004,0.0231,0.0362,0.026699999999999998,0.024700000000000003,0.0588,0.053399999999999996,0.0341,0.0537,0.0424,1989-05-01
0.015,0.013000000000000001,-0.0268,-0.0101,-0.0329,0.0019,-0.0216,-0.0275,0.0338,0.0079,1989-06-01
0.1197,0.052300000000000006,0.0762,0.0378,0.0296,0.0909,0.0916,0.139,0.057999999999999996,0.0816,1989-07-01
-0.0197,0.051699999999999996,0.0438,0.0352,0.0252,0.008,0.0258,0.0039000000000000003,-0.008,0.0322,1989-08-01
-0.0058,-0.045,-0.0259,0.013500000000000002,-0.0268,0.0403,-0.0233,0.0242,0.0048,0.0139,1989-09-01
-0.0245,-0.0571,-0.0438,0.0075,-0.0443,-0.0196,-0.0404,0.0038,0.01,-0.0487,1989-10-01
0.0168,-0.0109,0.030699999999999998,0.0398,-0.0179,0.021099999999999997,0.0125,0.045700000000000005,0.0323,-8e-4,1989-11-01
0.0138,-0.014499999999999999,0.0298,0.0601,-0.011200000000000002,0.0584,0.0118,0.0104,0.0479,-0.016,1989-12-01
-0.0947,-0.0387,-0.0634,-0.0429,-0.0129,-0.1303,-0.0638,-0.0731,-0.053399999999999996,-0.09,1990-01-01
-0.0054,0.0504,0.0255,0.0311,0.041100000000000005,-0.0026,0.0191,-0.0208,0.0021,0.025099999999999997,1990-02-01
0.0464,0.0288,0.039,-0.005699999999999999,0.0446,0.0425,0.0513,0.0384,-0.0075,-0.0038,1990-03-01
-0.0018,-0.0406,-0.0276,-0.0356,-0.0202,-0.0327,-0.0206,0.003,-0.055,-0.0342,1990-04-01
0.0907,0.07719999999999999,0.0808,0.0602,0.1258,0.092,0.1158,0.128,0.054299999999999994,0.0917,1990-05-01
0.0208,-0.0219,-0.0059,-0.0204,-0.011699999999999999,-0.0473,0.0154,0.044199999999999996,0.0075,-0.0172,1990-06-01
-0.008100000000000001,-0.034300000000000004,0.0017000000000000001,0.0828,-0.0735,-0.0441,-0.041100000000000005,0.0258,0.0089,-0.035699999999999996,1990-07-01
-0.0736,-0.1427,-0.1206,-0.0128,-0.12,-0.1043,-0.1207,-0.0678,-0.0662,-0.11320000000000001,1990-08-01
-0.0407,-0.1057,-0.08,-0.0161,-0.0664,0.0181,-0.0873,-0.0437,0.0048,-0.1007,1990-09-01
0.025,-0.0325,-0.0184,-0.04019999999999999,-0.034,0.0301,-0.0304,0.0141,0.0723,-0.0643,1990-10-01
0.06559999999999999,0.041299999999999996,0.0738,0.0163,0.1127,0.021099999999999997,0.1042,0.0949,0.0229,0.1065,1990-11-01
0.043899999999999995,-0.0042,0.048799999999999996,-0.0202,0.0412,0.015,0.0336,0.0279,0.0078000000000000005,0.055,1990-12-01
0.0512,0.0732,0.0637,-0.020499999999999997,0.1502,2e-4,0.09300000000000001,0.0455,-0.0137,0.0747,1991-01-01
0.10300000000000001,0.1024,0.0587,0.0855,0.0661,0.0325,0.0833,0.099,0.0484,0.0974,1991-02-01
0.048,0.0118,0.0137,0.013000000000000001,0.013000000000000001,0.021400000000000002,0.0861,0.054400000000000004,0.0171,0.030699999999999998,1991-03-01
-0.01,-0.0229,0.0054,0.0246,-0.0288,0.0113,0.0199,-0.011399999999999999,-4e-4,0.0134,1991-04-01
0.036000000000000004,0.1475,0.0755,-0.013999999999999999,0.0352,-0.0147,0.07719999999999999,0.047,0.0015,0.0499,1991-05-01
-0.049400000000000006,-0.0447,-0.042699999999999995,-0.0364,-0.08779999999999999,-0.015,-0.0429,-0.0421,-0.023700000000000002,-0.0524,1991-06-01
0.0576,-0.0044,0.031200000000000002,0.050300000000000004,0.0466,0.0311,0.053099999999999994,0.0851,0.039900000000000005,0.0473,1991-07-01
0.0547,-0.0216,0.018600000000000002,0.016200000000000003,0.028399999999999998,0.0067,0.036000000000000004,0.0294,0.0351,0.0319,1991-08-01
-0.032400000000000005,-0.026600000000000002,-0.0233,-0.0068000000000000005,-0.0134,0.0037,-0.0318,-0.0033,0.0371,-0.006500000000000001,1991-09-01
-0.0055000000000000005,-0.020099999999999996,0.0146,0.020499999999999997,0.02,0.019,-0.0195,0.0653,0.0125,0.0227,1991-10-01
-0.0042,-0.0799,-0.0555,-0.07690000000000001,-0.043899999999999995,-0.0475,-0.011699999999999999,-0.0252,0.0189,-0.0541,1991-11-01
0.14730000000000001,0.0761,0.1157,0.021099999999999997,0.0916,0.0992,0.1303,0.1661,0.0499,0.1275,1991-12-01
-0.031,0.105,0.0232,-0.0412,0.067,-0.0287,0.0027,-0.0545,-0.045700000000000005,0.02,1992-01-01
0.0105,0.1232,0.0219,-0.0053,0.038599999999999995,-0.014499999999999999,0.0263,-0.0273,-0.0124,0.0308,1992-02-01
-0.0151,0.008,-0.0116,-0.0275,-0.0518,-0.0083,-0.0138,-0.0553,-0.0053,-0.0216,1992-03-01
0.0075,0.07919999999999999,0.0304,0.09449999999999999,-0.0103,0.0704,-0.035,-0.023,0.0269,0.0058,1992-04-01
0.0131,-0.0192,-0.0062,0.0318,2e-4,-0.0246,0.0024,0.0111,0.0254,0.0148,1992-05-01
-0.027999999999999997,0.0218,-0.0325,-0.035,-0.0416,0.0132,-0.0189,-0.0478,0.0054,-5e-4,1992-06-01
0.0467,0.0028000000000000004,0.029300000000000003,0.053099999999999994,0.0296,0.054400000000000004,0.0379,0.057999999999999996,0.0672,0.0311,1992-07-01
0.0087,-0.096,-0.0352,0.0259,-0.0452,-0.0097,-0.0054,-0.0336,-0.004699999999999999,-0.0347,1992-08-01
0.0106,9e-4,0.0179,0.0013,0.034,0.0191,0.040999999999999995,-0.049800000000000004,0.0083,0.034300000000000004,1992-09-01
-0.008199999999999999,-1e-4,0.009399999999999999,-0.0347,0.0212,-0.0054,0.0438,0.0334,-0.0043,0.0297,1992-10-01
0.0362,0.08560000000000001,0.0393,-0.0269,0.0637,0.0388,0.0709,0.0484,-0.0023,0.061200000000000004,1992-11-01
5e-4,0.0336,0.013999999999999999,0.0192,1e-4,0.0565,0.006500000000000001,-0.013500000000000002,0.027000000000000003,0.0382,1992-12-01
-0.008,0.0959,0.0013,0.0277,0.048600000000000004,0.013300000000000001,7.000000000000001e-4,-0.06860000000000001,0.0245,0.0337,1993-01-01
-0.021400000000000002,-0.0029,0.0173,0.0599,-0.0033,0.0571,-0.0147,-0.09,0.0622,0.0037,1993-02-01
0,0.054000000000000006,0.0218,0.041100000000000005,0.0223,0.0327,0.0277,0.0073,0.0176,0.0379,1993-03-01
-0.0932,0.024300000000000002,4e-4,0.011399999999999999,-0.0375,-0.0287,-0.0814,0.0129,-0.0015,-0.0327,1993-04-01
0.026699999999999998,0.0108,0.023399999999999997,0.0177,0.08810000000000001,0.0416,0.0592,0.0359,-4e-4,0.016399999999999998,1993-05-01
-0.0069,0.0345,-0.0026,-0.0116,-0.0040999999999999995,0.0464,-0.0286,-0.0296,0.0318,0.0229,1993-06-01
-0.0236,0.0151,-9e-4,0.0048,-0.0387,0.021400000000000002,0.0073,-0.0599,0.0194,0.0206,1993-07-01
0.0429,0.0046,0.0346,0.042300000000000004,0.0645,0.0524,0.0393,0.0302,0.0369,0.0346,1993-08-01
-0.0183,0.0101,-0.0189,0.013600000000000001,0.0132,-0.0049,-0.0034999999999999996,0.0086,-0.0064,0.0179,1993-09-01
0.060599999999999994,0.077,0.030899999999999997,-0.0195,0.016200000000000003,0.0241,0.04769999999999999,0.0592,-0.0196,-0.0236,1993-10-01
0.0068000000000000005,0.0068000000000000005,0.013300000000000001,-0.059699999999999996,-5e-4,-0.059500000000000004,0.0058,0.0097,-0.0552,-0.028300000000000002,1993-11-01
0.0147,0.0444,0.0375,0.0060999999999999995,0.0297,-0.0053,-0.018600000000000002,0.0233,0.0161,0.0253,1993-12-01
-0.0042,0.0716,0.048600000000000004,0.0489,0.046900000000000004,0.0216,0.0111,0.0181,-0.0121,0.0437,1994-01-01
-0.0127,-0.0443,-0.0066,-0.0294,0.0163,-0.055,0.018799999999999997,-0.055999999999999994,-0.049699999999999994,-0.0387,1994-02-01
-0.04019999999999999,-0.0647,-0.0444,-0.0359,-0.0391,-0.0361,-0.048499999999999995,-0.0674,-0.0392,-0.042300000000000004,1994-03-01
0.0123,-0.0059,7.000000000000001e-4,0.042,-0.016,0.015700000000000002,0.0023,0.0227,0.0213,0.013500000000000002,1994-04-01
-0.013500000000000002,-0.0265,0.0203,0.0092,0.02,0.0163,-0.0183,0.042800000000000005,-0.0535,0.0304,1994-05-01
-0.0189,-0.0342,-0.026000000000000002,-0.027000000000000003,-0.0524,0.0062,-0.0263,-0.034300000000000004,-0.031200000000000002,-0.0256,1994-06-01
0.029500000000000002,0.0356,0.045899999999999996,0.032400000000000005,0.0384,0.031,0.0097,0.011000000000000001,0.0516,0.027000000000000003,1994-07-01
0.0608,-9e-4,0.0472,-0.001,0.09300000000000001,0.0108,0.0447,0.1085,0.0066,0.0351,1994-08-01
-0.0033,-0.0508,-0.0167,-0.021,-0.0042,-0.0123,-0.023399999999999997,0.0172,-0.0277,-0.0425,1994-09-01
0.0219,-0.0174,0.006,0.07400000000000001,0.0729,-0.0012,0.0131,0.0088,0.015700000000000002,5e-4,1994-10-01
-0.0167,-0.0506,-0.0545,-0.048499999999999995,-0.021099999999999997,-0.054400000000000004,-0.0342,0.0044,0.0027,-0.051699999999999996,1994-11-01
0.013300000000000001,0.0388,0.0401,-0.0101,0.0245,0.0088,-0.0277,0.005699999999999999,0.0034999999999999996,0.0141,1994-12-01
0.0181,-0.057699999999999994,-0.004,0.0037,-0.008100000000000001,0.0416,0.015600000000000001,0.061799999999999994,0.0621,0.0471,1995-01-01
0.0298,0.0513,0.055999999999999994,0.044800000000000006,0.0675,0.0151,0.026699999999999998,0.0226,0.008199999999999999,0.048499999999999995,1995-02-01
0.0275,0.0143,0.0349,0.0528,0.0455,0.0025,0.0362,0.027999999999999997,-0.0175,0.019,1995-03-01
0.019,0.014499999999999999,0.0294,0.022400000000000003,0.08259999999999999,0.016200000000000003,-0.0171,0.03,0.023799999999999998,0.0177,1995-04-01
0.0478,0.0478,0.0318,0.0409,0.030299999999999997,0.009300000000000001,0.0265,0.0163,0.0602,0.0449,1995-05-01
0.0168,0.0075,0.021099999999999997,-0.0308,0.0989,0.038900000000000004,0.0493,0.045,-0.0045000000000000005,0.022099999999999998,1995-06-01
0.0116,0.0264,0.035699999999999996,0.023,0.079,0.0504,0.0358,0.0552,-0.0037,0.047599999999999996,1995-07-01
0.006500000000000001,0.0076,-0.0021,-0.0158,-6e-4,0.044000000000000004,-0.027200000000000002,0.0104,0.009899999999999999,0.0373,1995-08-01
0.0674,-0.0052,0.0215,0.013000000000000001,0.0138,0.057699999999999994,0.0287,0.0737,0.06269999999999999,0.045,1995-09-01
0.005600000000000001,-0.0479,-0.0264,-0.0028000000000000004,0.0139,0.0015,-0.054900000000000004,0.0104,0.0148,-0.0204,1995-10-01
0.0452,0.0542,0.0646,0.04769999999999999,-0.006500000000000001,0.027999999999999997,0.0616,0.0499,0.0158,0.061200000000000004,1995-11-01
0.0152,0.0316,0.014199999999999999,0.0581,-0.0432,0.041299999999999996,-0.0083,0.0592,0.0509,0.0106,1995-12-01
0.0262,0.0351,0.0329,-0.0040999999999999995,0.0184,0.0231,-0.003,0.0602,0.018600000000000002,0.0354,1996-01-01
0.0322,0.02,0.009399999999999999,0.0104,0.0645,-0.025,0.0441,-0.011000000000000001,-0.0265,0.0215,1996-02-01
-0.0084,0.0433,0.0342,0.0501,-0.0341,-0.020099999999999996,0.0599,0.0024,-0.0051,0.018000000000000002,1996-03-01
0.0015,0.0353,0.0171,0.0344,0.1009,0.0286,0.0426,-0.0060999999999999995,-0.026600000000000002,0.0025,1996-04-01
0.0655,0.022400000000000003,0.023,0.0045000000000000005,0.0395,-2e-4,0.044000000000000004,0.038900000000000004,0.0132,0.0151,1996-05-01
0.0318,-0.0493,-0.0044,0.0097,-0.049400000000000006,0.0055000000000000005,-0.0171,-0.0024,0.0525,-0.0025,1996-06-01
-0.0407,-0.045,-0.04,-0.0464,-0.0742,-0.0849,-0.0756,-0.06280000000000001,-0.0581,-0.0426,1996-07-01
-0.008,0.030699999999999998,0.0325,0.0294,0.043899999999999995,-0.013300000000000001,0.0594,0.0432,0.028900000000000002,0.039,1996-08-01
0.0373,0.0126,0.060700000000000004,0.0404,0.10640000000000001,0.0177,0.0366,0.0736,0.0068000000000000005,0.051500000000000004,1996-09-01
0.0158,0.0374,0.016,0.059699999999999996,-0.0192,-0.0046,-0.022400000000000003,-0.0085,0.036000000000000004,0.0395,1996-10-01
0.0513,0.0587,0.060599999999999994,0.0553,0.1191,0.054900000000000004,0.0318,0.0661,0.026099999999999998,0.0748,1996-11-01
0.005,-0.0241,-0.004,0.008,-0.027000000000000003,0.028999999999999998,-0.0352,-0.0259,0.0013,-0.0183,1996-12-01
0.0574,0.028399999999999998,0.04190000000000001,0.0438,0.0935,0.0233,0.0015,0.09539999999999998,0.0092,0.0605,1997-01-01
0.041299999999999996,0.005600000000000001,0.006999999999999999,-0.0574,-0.07400000000000001,0.025699999999999997,0.03,0.009300000000000001,-0.005699999999999999,0.026000000000000002,1997-02-01
-0.052300000000000006,-0.0323,-0.0365,0.0527,-0.0567,-0.0785,-0.013300000000000001,-0.0748,-0.0278,-0.0583,1997-03-01
0.053099999999999994,0.039,0.054000000000000006,5e-4,0.0765,0.025699999999999997,0.0227,0.0611,-0.0139,0.0507,1997-04-01
0.0593,0.06269999999999999,0.0782,0.0732,0.10189999999999999,0.06559999999999999,0.059500000000000004,0.0699,0.0379,0.061399999999999996,1997-05-01
0.035699999999999996,0.0347,0.052000000000000005,0.0131,0.0143,0.0346,0.0507,0.0888,0.030600000000000002,0.0525,1997-06-01
0.0334,0.0742,0.0721,0.0745,0.1598,0.0246,0.0782,0.021,0.0281,0.0928,1997-07-01
-0.0639,0.0128,-0.0552,0.0032,-0.0137,-0.0274,-0.0255,-0.0611,-0.0116,-0.0478,1997-08-01
0.0553,0.053099999999999994,0.0335,0.063,0.0346,0.09699999999999999,0.052199999999999996,0.0662,0.0464,0.08039999999999999,1997-09-01
-0.031400000000000004,-0.032799999999999996,-0.0588,-0.020099999999999996,-0.08289999999999999,0.028900000000000002,-0.0212,0.001,0.009300000000000001,-0.0276,1997-10-01
0.065,-0.0159,0.042300000000000004,-0.035699999999999996,0.014499999999999999,0.1069,0.054299999999999994,0.0282,0.07139999999999999,0.0297,1997-11-01
0.0377,0.0397,-0.0015,-0.014499999999999999,-0.042199999999999994,0.042199999999999994,-0.0025,0.0353,0.0794,0.051399999999999994,1997-12-01
-0.0274,0.005,0.006999999999999999,-0.0575,0.0528,0.0504,0.009000000000000001,0.056799999999999996,-0.044000000000000004,-0.019299999999999998,1998-01-01
0.0496,0.12269999999999999,0.07139999999999999,0.0684,0.1035,0.0241,0.1036,0.055099999999999996,0.0263,0.0825,1998-02-01
0.059000000000000004,0.061500000000000006,0.0483,0.0478,0.0132,0.1011,0.0654,0.035699999999999996,0.0675,0.0596,1998-03-01
-0.032400000000000005,0.0092,0.0123,0.0378,0.051500000000000004,-0.032,-0.0052,0.0191,-0.0252,0.0196,1998-04-01
0.011000000000000001,0.0707,-0.0246,-0.0424,-0.0701,-0.0179,0.0218,-0.025,-0.0088,-0.030699999999999998,1998-05-01
0.0418,0.0167,-0.006,-0.013600000000000001,0.0874,0.0302,0.049699999999999994,0.0617,0.0281,0.0322,1998-06-01
-0.0414,-0.0124,-0.056900000000000006,-0.0673,0.0045000000000000005,0.0393,-0.0296,-0.0026,-0.054000000000000006,-0.018600000000000002,1998-07-01
-0.131,-0.18789999999999998,-0.1431,-0.1041,-0.1765,-0.11800000000000001,-0.1424,-0.1235,0.0196,-0.2146,1998-08-01
0.0125,0.0103,0.0055000000000000005,0.1304,0.1516,0.1016,0.0147,0.1204,0.0815,0.0278,1998-09-01
0.1099,0.1104,0.11289999999999999,0.0125,0.06269999999999999,0.06860000000000001,0.107,0.0387,-0.0178,0.0902,1998-10-01
0.0642,0.053200000000000004,0.0361,0.0042,0.1167,0.0361,0.0949,0.061900000000000004,0.0134,0.0611,1998-11-01
0.0033,0.038900000000000004,0.0236,-0.012,0.152,0.1435,0.09230000000000001,0.05,0.0286,0.0345,1998-12-01
-0.0348,0.052000000000000005,0.0052,-0.0557,0.151,0.0895,0.022400000000000003,0.0022,-0.062400000000000004,0.0095,1999-01-01
-0.0398,-0.0461,-0.0203,-0.0317,-0.1148,-0.028900000000000002,-0.0137,0.0018,-0.0362,2e-4,1999-02-01
-0.0202,-0.0025,0.047599999999999996,0.15410000000000001,0.08410000000000001,-0.0096,0.0269,0.0252,-0.016399999999999998,0.024399999999999998,1999-03-01
0.0392,0.0973,0.09380000000000001,0.15839999999999999,0.0227,0.0774,0.0044,-0.0553,0.0735,0.0669,1999-04-01
0.013600000000000001,-0.0461,-0.0322,-0.031,-0.0076,0.0103,-0.030699999999999998,-0.0203,0.0672,-0.0391,1999-05-01
0.0027,0.009300000000000001,0.0449,-0.0141,0.1162,0.0582,0.0816,0.0449,-0.044800000000000006,0.0301,1999-06-01
-0.0245,-0.058600000000000006,-0.012,0.0173,-0.0171,-0.0189,-0.050300000000000004,-0.0443,-0.0044,-0.059500000000000004,1999-07-01
-0.045899999999999996,0.006500000000000001,-0.0053,0.0182,0.055,-0.0797,-0.0594,0.0371,0.0055000000000000005,-0.0508,1999-08-01
-0.0683,-0.08449999999999999,-0.031,-0.04019999999999999,-0.0017000000000000001,0.0408,0.0134,-0.0707,-0.0433,-0.0452,1999-09-01
0.066,0.0435,0.0581,-0.0149,0.0301,0.0877,0.0318,0.10769999999999999,0.022099999999999998,0.11539999999999999,1999-10-01
-0.011000000000000001,-0.021,-0.01,0.0382,0.12710000000000002,0.0443,0.0417,0.0151,-0.0739,-0.0248,1999-11-01
-0.0263,0.026699999999999998,0.1033,0.0084,0.2077,0.029300000000000003,0.0668,-0.0565,-0.022799999999999997,0.0137,1999-12-01
-0.0472,-0.0127,-0.08689999999999999,0.0124,-0.0525,-0.0354,-0.11109999999999999,0.0759,0.0603,-0.04769999999999999,2000-01-01
-0.06269999999999999,-0.0827,-0.0385,-0.0541,0.18,-0.040999999999999995,-0.0393,-0.0275,-0.0716,-0.0738,2000-02-01
0.0742,0.10619999999999999,0.07490000000000001,0.11689999999999999,0.04190000000000001,0.0767,0.1334,0.0016,0.0594,0.1439,2000-03-01
-0.0195,0.0883,0.014199999999999999,-0.0199,-0.105,-0.0762,-0.0446,0.0526,0.0748,-0.0285,2000-04-01
0.0708,-0.1251,-0.0169,0.09380000000000001,-0.1076,-0.1076,-0.028399999999999998,0.039599999999999996,0.0397,0.0336,2000-05-01
0.022000000000000002,-0.09029999999999999,-0.0123,-0.050499999999999996,0.1261,0.0404,-0.0223,0.1155,-0.0472,-0.0311,2000-06-01
0.0072,0.048600000000000004,-0.0148,-0.0258,-0.0518,-0.0746,-0.0123,-0.0647,0.0421,0.053399999999999996,2000-07-01
-0.0208,0.0536,0.0738,0.0874,0.1268,-0.0139,-0.0239,0.0346,0.1176,0.0924,2000-08-01
0.0371,-0.0431,-0.056900000000000006,0.0451,-0.1482,-0.0335,0.026600000000000002,0.0371,0.0916,0.0025,2000-09-01
0.0774,0.024700000000000003,0.0351,-0.028999999999999998,-0.0748,-0.0024,-0.0183,0.0208,-0.0181,-0.0129,2000-10-01
0.0274,-0.1153,-0.0313,-0.0253,-0.2316,-0.15460000000000002,-0.0104,0.0075,0.030600000000000002,-0.0602,2000-11-01
0.055,-0.0018,0.0695,0.07690000000000001,-0.0799,-0.045700000000000005,0.056600000000000004,0.0351,0.066,0.0713,2000-12-01
-0.022000000000000002,0.134,-0.010700000000000001,-0.0337,0.1603,0.1438,0.0643,-0.0851,-0.10769999999999999,7.000000000000001e-4,2001-01-01
0.0013,-0.0116,-0.0391,4e-4,-0.2605,-0.09849999999999999,-0.0536,-0.0055000000000000005,0.0616,-0.043,2001-02-01
-0.0478,-0.0287,-0.061,-0.0014000000000000002,-0.1386,-0.0579,-0.0288,-0.0857,0.0124,-0.0451,2001-03-01
0.009000000000000001,0.0859,0.0747,0.10060000000000001,0.1804,0.027000000000000003,0.056100000000000004,0.042300000000000004,0.0553,0.060899999999999996,2001-04-01
0.0339,-0.016200000000000003,0.0219,9e-4,-0.0321,-0.0138,0.0161,0.0281,0.0024,0.0363,2001-05-01
-0.015300000000000001,0.0373,-0.0463,-0.07519999999999999,0.013999999999999999,-0.0311,-0.0259,-0.030699999999999998,-0.0605,-8e-4,2001-06-01
-0.0017000000000000001,0.0318,0.0052,-0.0223,-0.0753,-0.005600000000000001,0.0458,0.0231,-0.0383,-0.022000000000000002,2001-07-01
0.024700000000000003,-0.11230000000000001,-0.0199,-0.0352,-0.1265,-0.09300000000000001,-0.0698,-0.030899999999999997,0.0052,-0.0535,2001-08-01
-0.0298,-0.1696,-0.128,-0.0562,-0.1898,-0.0197,-0.09519999999999999,-0.006,-0.0658,-0.08,2001-09-01
0.0126,0.01,0.0388,0.0473,0.1573,-0.0967,0.015700000000000002,0.0124,0.0187,-0.0097,2001-10-01
0.0219,0.1548,0.0843,-0.0407,0.1589,0.057999999999999996,0.09820000000000001,0.050300000000000004,-0.0154,0.073,2001-11-01
0.0192,-0.0074,0.0262,0.059500000000000004,-0.0064,0.0254,0.0433,-0.0282,0.0404,0.036699999999999997,2001-12-01
0.0146,0.0294,0.0154,-0.0288,-0.005,-0.0694,0.0262,-0.0241,-0.0434,-0.0168,2002-01-01
0.042699999999999995,0.0316,0.044199999999999996,0.0546,-0.1309,-0.022099999999999998,-0.0015,-0.0046,-0.0037,-0.0025,2002-02-01
0.0403,0.06860000000000001,0.049699999999999994,0.0767,0.0647,0.0012,0.0209,0.0054,0.10279999999999999,0.0518,2002-03-01
0.024700000000000003,0.018000000000000002,-0.0144,-0.0454,-0.1177,-0.12960000000000002,-0.0163,-0.07519999999999999,-0.0040999999999999995,-0.0282,2002-04-01
0.0125,-0.0031,-0.0028000000000000004,-0.0077,-0.0374,0.032,-0.0143,-0.0227,-0.0691,-0.0052,2002-05-01
-0.058499999999999996,-0.081,-0.030600000000000002,-6e-4,-0.1213,-0.1402,-0.051,-0.0968,-0.057999999999999996,-0.0516,2002-06-01
-0.0662,-0.12179999999999999,-0.085,-0.1183,-0.0974,-0.11789999999999999,-0.1143,-0.025699999999999997,-0.1213,-0.0638,2002-07-01
0.022400000000000003,0.005699999999999999,-0.0127,0.0063,-0.009399999999999999,0.0014000000000000002,0.018500000000000003,0.0063,0.0341,0.011399999999999999,2002-08-01
-0.0767,-0.1093,-0.08349999999999999,-0.08109999999999999,-0.166,-0.09630000000000001,-0.0943,-0.0588,-0.1084,-0.106,2002-09-01
0.0506,-0.030899999999999997,0.0379,0.0318,0.19399999999999998,0.2211,0.0574,0.0567,-0.0062,0.0637,2002-10-01
-0.0109,0.11900000000000001,0.0626,0.0301,0.1624,0.1176,0.0189,0.0378,0.015700000000000002,0.0421,2002-11-01
-0.0025,-0.0717,-0.0377,0.0084,-0.1291,-0.0944,-0.0697,-0.0407,0.0384,-0.0479,2002-12-01
-0.0394,-0.0316,-0.0409,-0.025,-0.015,-0.04,-0.04769999999999999,-0.0060999999999999995,-0.0327,-0.023799999999999998,2003-01-01
-0.0288,-0.0499,-0.0226,0.0194,0.011699999999999999,-0.0661,-0.012199999999999999,-0.0196,-0.0397,-0.027000000000000003,2003-02-01
-0.0259,-0.0263,0.0131,0.015,-0.0095,-0.0066,0.04650000000000001,0.0379,0.0431,0.0104,2003-03-01
0.043899999999999995,0.1496,0.0638,-0.004699999999999999,0.09179999999999999,0.115,0.08990000000000001,0.043899999999999995,0.0731,0.11630000000000001,2003-04-01
0.0951,0.0286,0.04650000000000001,0.0864,0.098,0.0629,0.0349,0.0394,0.1012,0.052300000000000006,2003-05-01
0.016399999999999998,0.028399999999999998,0.005,-0.0096,0.0034999999999999996,0.0191,0.0344,0.0415,0.0074,0.0091,2003-06-01
-0.0168,0.066,0.049800000000000004,-0.0262,0.0562,-0.019299999999999998,0.0329,0.0048,-0.051500000000000004,0.0359,2003-07-01
0.003,0.0785,0.041299999999999996,0.061799999999999994,0.060700000000000004,0.0116,0.0674,-0.0282,0.0192,0.0064,2003-08-01
0.0113,-0.0415,-0.0375,-0.0218,-0.0091,-0.0564,-0.0454,0.0029,0.0385,0.0026,2003-09-01
0.0594,0.0699,0.0892,0.016399999999999998,0.0828,0.0681,0.0902,0.0087,0.0151,0.0634,2003-10-01
0.0361,0.0308,0.0207,0.006500000000000001,0.018500000000000003,-0.0068000000000000005,0.0054,0.0183,0.0095,0.0115,2003-11-01
0.0344,0.12269999999999999,0.0673,0.136,0.0216,0.0764,-0.0213,0.0565,0.058499999999999996,0.042699999999999995,2003-12-01
6e-4,-0.0118,-0.0064,0.0023,0.0451,0.013999999999999999,0.0045000000000000005,0.030899999999999997,0.0191,0.028999999999999998,2004-01-01
0.0425,-8e-4,0.0197,0.0453,-0.0292,-0.0049,0.060899999999999996,0.009000000000000001,0.021099999999999997,0.0213,2004-02-01
-9e-4,-0.011899999999999999,-0.003,2e-4,-0.025099999999999997,-0.0206,0.0029,-0.0392,0.011399999999999999,-0.0064,2004-03-01
0.014199999999999999,0.022799999999999997,-0.0014000000000000002,0.026600000000000002,-0.0489,-0.0048,-0.027000000000000003,0.0352,-0.0356,-0.0381,2004-04-01
-0.0189,-0.0165,0.016399999999999998,0.0058,0.0482,-0.029500000000000002,0.003,-0.0040999999999999995,0.0125,0.0173,2004-05-01
0.0166,0.050199999999999995,0.0533,0.054400000000000004,0.026699999999999998,0.008199999999999999,4e-4,-0.005,0.0203,0.0132,2004-06-01
-0.059800000000000006,-0.0464,-0.0405,0.0332,-0.0851,-0.0102,-0.0403,-0.0592,0.0106,-0.0235,2004-07-01
0.0077,-0.0223,0.0134,-0.0139,-0.0451,0.011699999999999999,-0.012,0.016399999999999998,0.0366,0.018799999999999997,2004-08-01
-0.02,0.023,0.0192,0.08839999999999999,0.0347,0.0141,0.026099999999999998,-0.013999999999999999,0.0138,0.0111,2004-09-01
0.028300000000000002,-0.03,-0.0143,0.0064,0.051500000000000004,0.0346,0.030600000000000002,-0.024399999999999998,0.0424,0.011000000000000001,2004-10-01
0.046,0.0727,0.0722,0.06570000000000001,0.0576,0.0361,0.036699999999999997,0.0068000000000000005,0.0489,0.0472,2004-11-01
0.0479,0.048799999999999996,0.025099999999999997,-0.0231,0.031,0.0429,0.035,0.056600000000000004,0.024900000000000002,0.0443,2004-12-01
0.0021,-0.0702,-0.0176,0.030299999999999997,-0.0635,-0.0421,-0.010700000000000001,-0.0408,0.0176,-0.0218,2005-01-01
0.0072,-0.0025,0.040999999999999995,0.1941,4e-4,-0.003,0.0083,0.024399999999999998,0.0236,0.0015,2005-02-01
-0.0085,-0.08,-0.0143,-0.0344,-0.0253,-0.0018,4e-4,-0.004699999999999999,0.0060999999999999995,-0.023700000000000002,2005-03-01
-0.0095,-0.1109,-0.046799999999999994,-0.055999999999999994,-0.0447,-0.02,-0.0529,0.0395,0.0213,-0.016,2005-04-01
0.023399999999999997,0.08839999999999999,0.0291,0.0207,0.08199999999999999,0.0154,0.0643,0.0148,0.0166,0.032400000000000005,2005-05-01
-0.0168,0.021,-0.0116,0.0576,-0.016399999999999998,0.0014000000000000002,0.024300000000000002,-0.0059,0.0556,0.014199999999999999,2005-06-01
0.026099999999999998,0.0541,0.0583,0.061399999999999996,0.0616,0.030899999999999997,0.0582,0.037200000000000004,0.0298,0.0242,2005-07-01
1e-4,-0.0287,-0.013600000000000001,0.057,-0.0036,-0.0125,-0.0562,-0.0031,0.0125,-0.0168,2005-08-01
0.0013,-0.051500000000000004,0.0084,0.0726,0.006500000000000001,-0.0147,-0.018000000000000002,-0.0192,0.0438,0.0128,2005-09-01
-0.0192,-0.0438,-0.0248,-0.1016,-0.0178,-0.0298,0.015600000000000001,-0.0327,-0.06849999999999999,0.013600000000000001,2005-10-01
0.0116,0.0222,0.0533,0.0101,0.0647,0.0263,0.039599999999999996,0.0158,-0.0022,0.0493,2005-11-01
0.0023,-0.0064,0.0144,0.0049,-0.0191,-0.0166,-0.0059,0.0239,0.0124,0.0012,2005-12-01
0.0011,0.058499999999999996,0.0518,0.12539999999999998,0.0408,0.0382,0.020099999999999996,0.0217,0.030299999999999997,0.0159,2006-01-01
0.0127,-0.0045000000000000005,0.0103,-0.0814,-0.009899999999999999,0.0333,0.0141,0.010700000000000001,0.0022,0.0097,2006-02-01
0.013300000000000001,0.0275,0.0304,0.04,0.0286,0.0182,0.024300000000000002,-0.0096,-0.0364,0.018600000000000002,2006-03-01
0.011699999999999999,0.0034000000000000002,0.0406,0.0467,-0.0115,0.0168,-0.0158,-0.0196,0.018500000000000003,0.0213,2006-04-01
0.0168,0.0068000000000000005,-0.0337,-0.0346,-0.069,-0.0022,-0.018799999999999997,-0.0218,0.015,-0.0325,2006-05-01
0.003,0.0177,-0.0049,0.0273,-0.0144,0.0296,0.0029,-0.0012,0.0241,-0.0037,2006-06-01
0.035,-0.0301,-0.0365,0.051100000000000007,-0.0379,0.0242,-0.0429,0.0414,0.0483,-0.009000000000000001,2006-07-01
0.0308,0.023700000000000002,0.020499999999999997,-0.0329,0.0742,0.022799999999999997,0.0222,0.0233,0.022799999999999997,0.0172,2006-08-01
-0.0062,0.042800000000000005,0.0189,-0.0382,0.035699999999999996,0.0366,0.056900000000000006,0.015300000000000001,-0.021099999999999997,0.0323,2006-09-01
0.027999999999999997,0.049800000000000004,0.044199999999999996,0.0516,0.0405,0.0519,0.039599999999999996,0.0171,0.0536,0.0298,2006-10-01
0.0141,0.0178,0.0354,0.086,0.0301,0.0063,-0.0128,6e-4,0.030600000000000002,0.0161,2006-11-01
0.02,-0.0077,0.0051,-0.019299999999999998,-0.009899999999999999,0.0433,0.014499999999999999,0.0015,0.0073,0.0321,2006-12-01
0.0152,0.0285,0.0317,-0.0134,0.02,0.03,0.0365,0.035,0.0051,0.0105,2007-01-01
-0.015300000000000001,-0.0048,0.0077,-0.021099999999999997,-0.023399999999999997,-0.0277,-0.0059,-0.0285,0.0414,-0.022799999999999997,2007-02-01
0.0262,-0.0104,0.0161,0.0588,0.0086,0.0232,0.0075,-0.0025,0.0433,-0.0024,2007-03-01
0.0362,0.0621,0.0441,0.051399999999999994,0.0489,0.0174,0.0229,0.068,0.0394,0.033,2007-04-01
0.028900000000000002,0.0319,0.0478,0.0713,0.0393,0.0731,0.0236,0.011399999999999999,0.012,0.0318,2007-05-01
-0.0106,0.0187,-0.0068000000000000005,0.0087,0.0052,-0.018000000000000002,-0.0197,-0.034,-0.0483,-0.0274,2007-06-01
-0.04190000000000001,-0.0581,-1e-4,-0.011200000000000002,-0.0106,-0.031,-0.0535,-0.039900000000000005,-0.037200000000000004,-0.0533,2007-07-01
0.0183,-0.0173,0.0067,0.0029,0.0291,-0.0086,0.0152,0.0227,0.0184,0.011699999999999999,2007-08-01
0.0395,0.0174,0.054400000000000004,0.0786,0.0421,0.020499999999999997,-0.0063,0.0353,0.0354,0.026600000000000002,2007-09-01
0.0216,0.01,0.0098,0.0281,0.0682,-0.0217,0.0118,0.0154,0.0683,0.002,2007-10-01
0.0085,-0.0902,-0.0265,-0.0436,-0.0753,-0.0643,-0.0375,3e-4,-0.0072,-0.059800000000000006,2007-11-01
-0.0101,-0.0219,0.01,0.0768,0.0149,-0.0025,-0.026699999999999998,-0.0398,0.009000000000000001,-0.0347,2007-12-01
-0.052000000000000005,-0.054000000000000006,-0.07429999999999999,-0.0908,-0.12369999999999999,-0.0775,-0.0049,-0.046,-0.0693,-0.0208,2008-01-01
-6e-4,-0.059699999999999996,0.0074,0.0687,-0.0358,-0.0388,-0.04650000000000001,-0.009300000000000001,-0.0302,-0.0787,2008-02-01
0.0121,-0.041299999999999996,-0.001,-0.0294,0.0066,-5e-4,0.018600000000000002,-0.0177,0.008100000000000001,-0.0192,2008-03-01
-0.0108,0.066,0.0504,0.107,0.0646,0.046900000000000004,0.0501,0.0044,0.0639,0.0347,2008-04-01
0.0332,0.013600000000000001,0.033,0.042300000000000004,0.056799999999999996,0.0473,0.0118,0.0163,0.0358,-0.0235,2008-05-01
-0.0742,-0.1956,-0.0925,0.0276,-0.0883,-0.10890000000000001,-0.0808,-0.0301,-0.004,-0.1464,2008-06-01
0.0225,-0.0023,-0.0028000000000000004,-0.1567,-0.0053,-0.0318,0.011399999999999999,0.0673,-0.0713,0.043,2008-07-01
0.0172,0.0176,0.014199999999999999,-3e-4,0.0239,0.04,0.0538,0.018000000000000002,-0.0043,0.0040999999999999995,2008-08-01
-0.029300000000000003,-0.0919,-0.1348,-0.121,-0.1244,-0.1261,-0.057699999999999994,-0.0596,-0.11939999999999999,-0.06,2008-09-01
-0.13019999999999998,-0.3318,-0.2075,-0.16670000000000001,-0.1833,-0.15560000000000002,-0.15130000000000002,-0.1103,-0.1112,-0.198,2008-10-01
-0.0547,-0.10300000000000001,-0.0776,0.0022,-0.109,-0.0158,-0.07690000000000001,-0.0735,0.0123,-0.124,2008-11-01
0.0086,0.003,0.0137,-0.0242,0.0217,0.0346,0.048799999999999996,0.0674,-0.0204,0.0076,2008-12-01
-0.0513,-0.1378,-0.09140000000000001,-0.0353,-0.0323,-0.10279999999999999,-0.076,-0.022099999999999998,-0.008199999999999999,-0.17809999999999998,2009-01-01
-0.0765,-0.12269999999999999,-0.1349,-0.1246,-0.0506,-0.0694,-0.030600000000000002,-0.09949999999999999,-0.1259,-0.14529999999999998,2009-02-01
0.0642,0.1195,0.0761,0.0395,0.115,0.0751,0.09949999999999999,0.0706,0.0279,0.1301,2009-03-01
0.0496,0.45520000000000005,0.17329999999999998,0.0453,0.12269999999999999,0.0966,0.0953,-0.009000000000000001,0.0209,0.1617,2009-04-01
0.0716,-0.0365,0.054900000000000004,0.10369999999999999,0.030299999999999997,0.0105,-0.009399999999999999,0.062,0.0463,0.0723,2009-05-01
0.006500000000000001,0.0431,-0.0171,-0.0475,0.0455,0.0165,-0.0029,0.0359,0.0463,-0.0202,2009-06-01
0.0731,0.1973,0.11320000000000001,0.0533,0.0812,0.0552,0.0676,0.054900000000000004,0.0441,0.0916,2009-07-01
0.0074,0.0245,0.0297,0.0079,0.0227,0.0073,0.037000000000000005,0.022099999999999998,0.0025,0.077,2009-08-01
0.0421,0.021400000000000002,0.0652,0.0507,0.052199999999999996,0.06480000000000001,0.024,0.0239,0.022400000000000003,0.031400000000000004,2009-09-01
-0.0062,-0.0063,-0.0285,0.0245,-0.0152,-0.0348,5e-4,-0.037200000000000004,-0.0271,-0.0538,2009-10-01
0.038599999999999995,0.1036,0.076,0.0326,0.048499999999999995,0.0652,0.0501,0.0823,0.045700000000000005,0.056600000000000004,2009-11-01
0.0264,0.056900000000000006,0.0288,-0.005,0.0599,0.0642,0.0195,0.024700000000000003,0.058600000000000006,0.0073,2009-12-01
-0.024,-0.0043,-0.0332,-0.0484,-0.0784,-0.0672,-0.0184,-2e-4,-0.0444,-0.0054,2010-01-01
0.026600000000000002,0.0739,0.0521,0.026099999999999998,0.0481,0.0276,0.043,0.0038,-0.0042,0.0364,2010-02-01
0.058899999999999994,0.0935,0.0652,0.0323,0.0669,0.07629999999999999,0.0626,0.0363,0.031200000000000002,0.081,2010-03-01
-0.0102,0.0726,0.0319,0.0405,0.022799999999999997,0.0341,0.0255,-0.0218,0.0285,0.0183,2010-04-01
-0.057300000000000004,-0.0906,-0.0842,-0.1027,-0.07780000000000001,-0.058600000000000006,-0.0536,-0.0806,-0.0629,-0.0876,2010-05-01
-0.019,-0.1067,-0.057999999999999996,-0.0636,-0.0617,-0.0384,-0.0906,-0.0167,-0.006999999999999999,-0.0652,2010-06-01
0.0736,0.1572,0.0966,0.07690000000000001,0.0731,0.0953,0.0461,0.021400000000000002,0.0681,0.0681,2010-07-01
-0.011699999999999999,-0.0967,-0.054900000000000004,-0.034300000000000004,-0.0653,-0.0199,-0.0397,-0.0166,0.0037,-0.071,2010-08-01
0.061399999999999996,0.1352,0.1009,0.09210000000000002,0.12560000000000002,0.0787,0.1215,0.0901,0.0365,0.0851,2010-09-01
0.0434,0.0849,0.0512,0.045899999999999996,0.0641,0.045700000000000005,0.0242,0.019799999999999998,0.018600000000000002,0.0203,2010-10-01
-7.000000000000001e-4,0.0747,0.0143,0.0552,-0.0074,-0.0189,0.0417,-0.0334,-0.013300000000000001,0.005,2010-11-01
0.0435,0.0861,0.0701,0.0941,0.0599,0.0658,0.0323,0.054400000000000004,0.0322,0.09230000000000001,2010-12-01
-0.023700000000000002,0.003,0.0298,0.0693,0.0393,7.000000000000001e-4,-0.0086,-0.0072,0.022000000000000002,0.021,2011-01-01
0.0472,-0.0178,0.0342,0.07629999999999999,0.0242,0.07400000000000001,0.0226,0.0332,0.024300000000000002,0.0294,2011-02-01
0.0302,0.0174,0.018600000000000002,0.021,-0.014499999999999999,0.0168,0.011000000000000001,0.0229,0.0092,-0.0108,2011-03-01
0.0461,0.0222,0.0296,0.0159,0.031400000000000004,0.033,0.0451,0.0634,0.04,0.0106,2011-04-01
0.0204,-0.0354,-0.0217,-0.0452,-0.0175,0.0077,0.0088,0.0195,0.0132,-0.0264,2011-05-01
-0.0108,-0.0106,-0.0060999999999999995,-0.023399999999999997,-0.0246,-0.0139,-0.0089,-0.018799999999999997,-0.0034000000000000002,-0.0212,2011-06-01
-0.0042,-0.08929999999999999,-0.048,0.005,-0.0052,-0.0495,-0.0064,-0.0366,-0.0033,-0.0366,2011-07-01
-0.0066,-0.1208,-0.061399999999999996,-0.1002,-0.0679,-0.0506,-0.028900000000000002,-0.0316,0.0017000000000000001,-0.0815,2011-08-01
-0.048799999999999996,-0.141,-0.1097,-0.1231,-0.048,-0.057699999999999994,-0.038900000000000004,-0.0395,-0.0161,-0.111,2011-09-01
0.0629,0.2328,0.1409,0.1624,0.11800000000000001,0.0759,0.0977,0.0554,0.067,0.1359,2011-10-01
0.0144,-0.0802,0.0139,0.0215,-0.02,0.003,0.0106,0.013000000000000001,0.01,-0.0203,2011-11-01
0.0189,-0.012,-0.0078000000000000005,-0.0036,-0.014199999999999999,0.0313,0.009000000000000001,0.0351,0.029300000000000003,0.0146,2011-12-01
0.0039000000000000003,0.1355,0.0674,0.0103,0.0849,0.023700000000000002,0.0407,0.0341,-0.0271,0.0723,2012-01-01
0.0393,0.0605,0.038599999999999995,0.0649,0.0664,0.048499999999999995,0.031200000000000002,0.0126,0.0131,0.0421,2012-02-01
0.0388,0.009399999999999999,0.0068000000000000005,-0.0327,0.0466,0.0231,0.0466,0.0394,0.0148,0.049,2012-03-01
0.008100000000000001,-0.0702,-0.0072,-0.015700000000000002,-0.021099999999999997,0.0175,0.0096,0.0060999999999999995,0.0173,-0.0166,2012-04-01
-0.026699999999999998,-0.0816,-0.07780000000000001,-0.1056,-0.0785,-0.008100000000000001,-0.0305,-0.0325,-0.0091,-0.07730000000000001,2012-05-01
0.0342,-0.0556,0.0125,0.057800000000000004,0.0291,0.0705,0.0217,0.0683,0.034,0.0489,2012-06-01
0.0138,0.0038,0.0086,0.0282,-0.0011,0.0414,0.0124,0.0163,0.0362,-0.0123,2012-07-01
0.0012,0.0415,0.0326,0.023700000000000002,0.048,0.0097,0.0275,0.0098,-0.0344,0.031200000000000002,2012-08-01
0.0089,0.035699999999999996,0.0166,0.0382,0.0124,0.048600000000000004,0.0195,0.046900000000000004,0.021099999999999997,0.0379,2012-09-01
-0.0171,0.0588,-0.0062,-0.018799999999999997,-0.0634,-0.024,-0.0102,-0.0191,0.0109,0.0091,2012-10-01
0.0322,0.031200000000000002,0.026600000000000002,-0.015,0.0146,7.000000000000001e-4,0.0146,0.015,-0.037599999999999995,-0.0037,2012-11-01
-0.022799999999999997,0.0731,0.0276,0.013300000000000001,0.0036,0.0115,-0.011200000000000002,-0.0053,8e-4,0.036699999999999997,2012-12-01
0.051,0.035,0.0605,0.0747,0.023799999999999998,0.048499999999999995,0.0558,0.0808,0.050499999999999996,0.0676,2013-01-01
0.0319,1e-4,0.0128,0.0068000000000000005,0.0067,0.0229,0.0085,0.0132,0.022000000000000002,0.0141,2013-02-01
0.0506,0.0403,0.026099999999999998,0.0207,0.027200000000000002,0.0564,0.0472,0.06509999999999999,0.056799999999999996,0.0418,2013-03-01
0.0378,0.0365,0.0075,-0.0139,0.004,0.043,0.0269,0.026000000000000002,0.0513,0.0083,2013-04-01
-0.0231,0.09880000000000001,0.0348,0.0305,0.0455,-0.018000000000000002,0.0223,0.016200000000000003,-0.0711,0.0592,2013-05-01
0.0011,-0.0046,-0.0199,-0.0239,-0.0292,0.0209,-6e-4,-0.0137,0.008199999999999999,-0.011899999999999999,2013-06-01
0.0286,0.0901,0.061500000000000006,0.0518,0.057,0.0342,0.059000000000000004,0.0808,0.0458,0.056900000000000006,2013-07-01
-0.0393,-0.0102,-0.0184,-0.0189,-0.002,-0.0329,-0.042300000000000004,-0.0368,-0.044199999999999996,-0.0364,2013-08-01
0.0195,0.0647,0.052000000000000005,0.0197,0.0383,0.042800000000000005,0.0451,0.0416,0.0104,0.0383,2013-09-01
0.0481,0.0076,0.0452,0.0478,0.038,0.0581,0.051100000000000007,0.0356,0.0334,0.039,2013-10-01
0.0129,0.018799999999999997,0.0287,0.0085,0.0358,9e-4,0.0368,0.0449,-0.018000000000000002,0.0479,2013-11-01
0.0245,0.0124,0.0311,0.0305,0.039900000000000005,0.0397,0.0028000000000000004,0.0062,0.0179,0.031,2013-12-01
-0.0575,-0.0361,-0.04190000000000001,-0.0689,-0.0139,-0.038,-0.0645,0.018799999999999997,0.024900000000000002,-0.0437,2014-01-01
0.034300000000000004,0.08,0.053899999999999997,0.056600000000000004,0.051399999999999994,0.0256,0.0535,0.06480000000000001,0.0308,0.0349,2014-02-01
0.0326,-0.0113,0.0037,0.024399999999999998,-0.0062,0.0017000000000000001,-0.0058,-0.0256,0.0268,0.019799999999999998,2014-03-01
0.0154,0.0033,0.009000000000000001,0.0567,-0.0105,0.0039000000000000003,-0.0095,-0.0040999999999999995,0.0398,-0.0197,2014-04-01
0.0347,0.0069,0.011899999999999999,0.0088,0.0339,0.040999999999999995,0.0098,0.0187,0,0.018600000000000002,2014-05-01
0.0116,0.044500000000000005,0.0137,0.0412,0.0288,0.0154,0.0129,0.028999999999999998,0.0541,0.0245,2014-06-01
-0.0434,-0.0471,-0.0412,-0.0355,0.0016,0.0079,-0.0202,-0.003,-0.064,-0.0227,2014-07-01
0.0556,0.051,0.0482,0.0231,0.042199999999999994,0.0032,0.0501,0.0554,0.053099999999999994,0.0412,2014-08-01
-0.001,-0.09369999999999999,-0.025,-0.0783,-0.013999999999999999,-0.0144,-0.013300000000000001,-0.0022,-0.0337,-0.0113,2014-09-01
0.026699999999999998,0.0352,0.024,-0.04190000000000001,0.0161,0.0131,0.0271,0.059000000000000004,0.06709999999999999,0.0344,2014-10-01
0.047400000000000005,0.044500000000000005,0.022799999999999997,-0.0959,0.0429,0.0246,0.0748,0.0252,0.0026,0.024900000000000002,2014-11-01
-0.0241,0.0033,-7.000000000000001e-4,0.0054,-0.0125,-0.0204,0.016200000000000003,-0.008199999999999999,0.018600000000000002,0.011699999999999999,2014-12-01
-0.0055000000000000005,-0.043,-0.037599999999999995,-0.0431,-0.0346,-0.0447,-0.0040999999999999995,0.0159,0.0124,-0.0636,2015-01-01
0.0513,0.0801,0.061500000000000006,0.0473,0.0823,0.0891,0.0567,0.0424,-0.0435,0.0721,2015-02-01
-0.024399999999999998,-0.0058,-0.020499999999999997,-0.024900000000000002,-0.025,-0.021099999999999997,0.0066,0.0076,-0.0032,-0.0059,2015-03-01
0.0085,-0.0068000000000000005,-0.0076,0.0667,0.014499999999999999,0.036000000000000004,-0.0209,-0.014199999999999999,0.0028000000000000004,0.0062,2015-04-01
0.0149,0.0101,0.0089,-0.051,0.0194,0.0033,0.0108,0.049100000000000005,-0.0046,0.0174,2015-05-01
-0.0134,-0.0184,-0.0194,-0.0377,-0.0361,-0.0052,-0.0060999999999999995,0.0016,-0.0529,3e-4,2015-06-01
0.0496,-0.0231,-0.0203,-0.08929999999999999,0.022099999999999998,0.0155,0.0516,0.0349,0.0265,0.0182,2015-07-01
-0.041100000000000005,-0.0603,-0.0564,-0.0364,-0.0583,-0.08380000000000001,-0.053099999999999994,-0.0837,-0.0406,-0.061799999999999994,2015-08-01
-0.005600000000000001,-0.0345,-0.0424,-0.0574,-0.0132,-0.025,-0.0206,-0.0695,-0.005,-0.030600000000000002,2015-09-01
0.068,0.0697,0.0941,0.1217,0.1012,0.09050000000000001,0.0482,0.075,0.0209,0.066,2015-10-01
-0.0091,0.019799999999999998,0.0042,0.0106,0.0116,-0.0203,0.0109,0.005699999999999999,-0.0344,0.0138,2015-11-01
0.0078000000000000005,-0.0409,-0.0256,-0.09609999999999999,-0.0255,-0.0297,4e-4,0.0029,-0.0236,-0.026699999999999998,2015-12-01
0.0017000000000000001,-0.12380000000000001,-0.0572,-0.0436,-0.0596,0.0034000000000000002,-0.0453,-0.1013,0.0467,-0.0877,2016-01-01
0.0059,0.041100000000000005,0.0334,-0.029500000000000002,-0.009000000000000001,0.0096,0.0011,-0.0098,0.0175,-0.0042,2016-02-01
0.05,0.1063,0.0691,0.10890000000000001,0.0848,0.061500000000000006,0.0555,0.039599999999999996,0.0786,0.0716,2016-03-01
0.003,0.0154,0.0232,0.0917,-0.042,0.0066,-0.0055000000000000005,0.0495,-0.008,0.0239,2016-04-01
0.0073,-0.0109,-0.0053,-0.0059,0.051500000000000004,0.0028000000000000004,0.0096,0.0241,0.022400000000000003,0.012,2016-05-01
0.0473,-0.0546,0.0091,0.0255,-0.0173,0.0356,0.0072,-0.0016,0.0742,-0.030699999999999998,2016-06-01
-6e-4,0.086,0.0407,-0.0273,0.0753,0.0225,0.0384,0.0616,-0.0026,0.0374,2016-07-01
-0.0060999999999999995,0.0025,0.0147,0.0161,0.0181,-0.0317,-0.013600000000000001,-0.031400000000000004,-0.0377,0.0327,2016-08-01
-0.0248,-0.0154,-0.001,0.028300000000000002,0.0223,0.0046,-0.0063,0.0058,0.0183,-0.0101,2016-09-01
-0.0018,-0.0377,-0.0255,-0.0296,-0.0108,-0.030299999999999997,-0.0412,-0.07519999999999999,-0.0067,0.0076,2016-10-01
-0.0387,0.0755,0.06280000000000001,0.09570000000000001,0.0070999999999999995,0.06559999999999999,0.0429,0.024,-0.0264,0.1148,2016-11-01
0.0346,0.0397,0.0048,0.0197,0.0092,0.048799999999999996,-0.0031,0.0072,0.0361,0.029500000000000002,2016-12-01
0.0169,0.0297,0.0335,-0.0429,0.046,0.0335,0.011200000000000002,0.0203,0.010700000000000001,0.0095,2017-01-01
0.0375,0.0073,0.0416,-0.0246,0.0487,-2e-4,0.0288,0.07,0.0398,0.037000000000000005,2017-02-01
0.0088,0.0023,0.0013,-0.011899999999999999,0.021099999999999997,0.0092,0.0079,4e-4,0.0037,-0.0163,2017-03-01
0.0051,0.0171,0.018799999999999997,-0.0274,0.0255,0.0017000000000000001,0.0265,0.0091,0.0033,0.0039000000000000003,2017-04-01
0.0323,-0.0015,0.0127,-0.0336,0.0418,-0.013999999999999999,0.0166,-0.0026,0.024300000000000002,-0.0043,2017-05-01
-0.0106,0.0334,0.0123,-0.0015,-0.0212,-0.0246,-0.018799999999999997,0.0554,-0.0191,0.043899999999999995,2017-06-01
-0.0013,-0.009899999999999999,0.0217,0.0206,0.0361,0.0529,0.0019,0.006999999999999999,0.029900000000000003,0.0143,2017-07-01
-0.0175,4e-4,0.0033,-0.0509,0.03,-0.0248,-0.0158,0.0258,0.0217,-0.0058,2017-08-01
-0.004,0.0537,0.042,0.1093,0.006,-0.015,0.0248,0.0209,-0.0195,0.045599999999999995,2017-09-01
8e-4,0.0132,0.0277,0.005,0.0691,-0.0555,0.027000000000000003,-0.0226,0.0302,0.022099999999999998,2017-10-01
0.0407,-0.0052,0.0346,0.029500000000000002,0.0106,0.0407,0.07780000000000001,0.0246,0.0242,0.0392,2017-11-01
0.020099999999999996,-0.0070999999999999995,0.022799999999999997,0.0501,-0.0018,0.0449,0.0253,-0.0015,-0.049800000000000004,0.013600000000000001,2017-12-01
0.019299999999999998,0.0276,0.040999999999999995,0.027999999999999997,0.0774,0.031400000000000004,0.09390000000000001,0.0638,-0.0281,0.059000000000000004,2018-01-01
-0.0622,-0.0604,-0.0403,-0.1075,-2e-4,-0.0706,-0.0449,-0.0349,-0.0454,-0.0332,2018-02-01
-0.0108,-0.0557,-0.022400000000000003,0.03,-0.0313,-0.0254,-0.0258,-0.0241,0.0317,-0.0265,2018-03-01
-0.0398,-0.0031,-0.0341,0.1005,-0.0015,-0.023,0.0378,-4e-4,0.0278,0.0059,2018-04-01
-0.005600000000000001,0.031,0.025,0.0341,0.068,-0.008199999999999999,0.0085,0.023700000000000002,0.0022,0.014499999999999999,2018-05-01
0.0455,0.0062,-0.0098,0.0053,-0.004,0.0643,0.029300000000000003,0.0148,0.026099999999999998,-0.009300000000000001,2018-06-01
0.0286,-0.0115,0.052199999999999996,0.0109,0.0256,0.0271,0.0308,0.0592,0.0169,0.0374,2018-07-01
-0.0115,-0.0054,-0.0037,-0.028399999999999998,0.07150000000000001,0.028900000000000002,0.0799,0.045,0.009300000000000001,0.024,2018-08-01
0.0072,-0.0368,0.013000000000000001,0.0337,-5e-4,0.0179,0.0054,0.0208,-0.005600000000000001,-0.015,2018-09-01
-0.0024,-0.0301,-0.09939999999999999,-0.1192,-0.0882,-0.004,-0.08810000000000001,-0.08789999999999999,-7.000000000000001e-4,-0.06709999999999999,2018-10-01
0.0048,0.0524,0.04650000000000001,-0.022000000000000002,-0.0159,0.025099999999999997,0.024700000000000003,0.0642,0.032799999999999996,0.027999999999999997,2018-11-01
-0.11289999999999999,-0.1157,-0.087,-0.1304,-0.0824,-0.087,-0.09029999999999999,-0.0825,-0.047599999999999996,-0.1081,2018-12-01
0.0729,0.11019999999999999,0.0965,0.1033,0.09300000000000001,0.0546,0.0832,0.053200000000000004,0.0542,0.0973,2019-01-01
0.0134,0.0374,0.052000000000000005,0.024700000000000003,0.0567,0.0322,0.008,0.033,0.0356,0.030699999999999998,2019-02-01
0.0366,-0.05,-0.0088,0.0202,0.037599999999999995,0.0045000000000000005,0.0339,0.005,0.0333,-0.013500000000000002,2019-03-01
0.0313,0.0339,0.0405,0.0022,0.0581,0.06,0.0462,-0.0316,0.01,0.0667,2019-04-01
-0.0562,-0.12240000000000001,-0.0916,-0.1183,-0.08539999999999999,-0.03,-0.0605,-0.034,-0.0155,-0.0611,2019-05-01
0.0492,0.131,0.0805,0.0883,0.0809,0.051500000000000004,0.0717,0.0683,0.0364,0.0659,2019-06-01
0.0175,0.0084,0.0097,-0.0268,0.0359,0.020499999999999997,0.0095,-0.0218,-0.0101,0.0176,2019-07-01
-0.0138,-0.046799999999999994,-0.0169,-0.0874,-0.0259,0.0029,0.001,-0.0064,0.0344,-0.0464,2019-08-01
0.0187,0.038,0.0384,0.0368,0.0129,0.0126,0.008199999999999999,-0.0098,0.0393,0.0192,2019-09-01
7.000000000000001e-4,0.0703,5e-4,-0.0207,0.032799999999999996,0.0217,0.0067,0.046799999999999994,-0.0139,0.030699999999999998,2019-10-01
0.0218,0.0291,0.0325,0.0116,0.0527,0.0248,0.0216,0.056100000000000004,-0.021400000000000002,0.050499999999999996,2019-11-01
0.035,0.053899999999999997,0.0134,0.062,0.0384,0.0104,0.0132,0.0346,0.041100000000000005,0.023700000000000002,2019-12-01
-0.0034999999999999996,0.0616,-0.0275,-0.1188,0.0337,-0.021099999999999997,0.0095,-0.0199,0.0483,-0.013500000000000002,2020-01-01
-0.0867,-0.0725,-0.086,-0.153,-0.0698,-0.0621,-0.0673,-0.0536,-0.09849999999999999,-0.0984,2020-02-01
-0.11380000000000001,-0.2262,-0.16899999999999998,-0.3447,-0.09820000000000001,-0.133,-0.0767,-0.0509,-0.1294,-0.192,2020-03-01
0.0805,0.2553,0.10859999999999999,0.3236,0.1506,0.0951,0.18170000000000003,0.1348,0.0508,0.1143,2020-04-01
0.0326,0.0724,0.0581,0.0052,0.07629999999999999,0.0481,0.0444,0.0415,0.046,0.046,2020-05-01
1e-4,0.1412,0.026099999999999998,-0.004,0.057300000000000004,-0.0262,0.043899999999999995,-0.014499999999999999,-0.05,0.005,2020-06-01
0.058600000000000006,0.1868,0.045599999999999995,-0.0475,0.0687,0.050499999999999996,0.0942,0.044000000000000004,0.0635,0.0381,2020-07-01
0.044500000000000005,0.40990000000000004,0.0616,-0.0102,0.1061,0.055999999999999994,0.08070000000000001,0.0235,-0.022400000000000003,0.068,2020-08-01
-0.0207,-0.09029999999999999,-0.0016,-0.1495,-0.0524,-0.0197,-0.038599999999999995,-0.0146,-0.0032,-0.0294,2020-09-01
-0.0269,-0.0325,-0.0075,-0.0443,-0.0178,-0.0387,-0.0268,-0.044000000000000004,0.0447,-0.0171,2020-10-01
0.1002,0.33899999999999997,0.1394,0.2853,0.1072,0.1448,0.0832,0.0986,0.0268,0.1586,2020-11-01
0.049100000000000005,0.15380000000000002,0.025099999999999997,0.063,0.0508,0.051500000000000004,0.013999999999999999,0.047,0.0063,0.0567,2020-12-01
-0.0415,0.1148,-0.0232,0.046900000000000004,0.005600000000000001,-0.0353,-6e-4,0.034300000000000004,-0.0044,-0.027200000000000002,2021-01-01
0.0132,-0.0808,0.0553,0.2349,0.013600000000000001,0.0426,-0.0165,-0.0129,-0.045700000000000005,0.09759999999999999,2021-02-01
0.0727,0.0087,0.07719999999999999,0.0226,0.0087,0.016399999999999998,0.0572,-7.000000000000001e-4,0.10369999999999999,0.0526,2021-03-01
0.0332,0.044000000000000004,0.024399999999999998,0.0072,0.0643,0.030600000000000002,0.0703,0.0297,0.0397,0.057,2021-04-01
0.0197,-0.0533,0.0277,0.062,-0.0088,-0.0052,-0.0215,-0.0011,-0.0116,0.0276,2021-05-01
-0.008,0.0556,-0.0101,0.056100000000000004,0.0677,-1e-4,0.029300000000000003,0.043899999999999995,-0.0141,-0.0202,2021-06-01
0.0021,-0.0096,0.013300000000000001,-0.08650000000000001,0.0361,0.0034999999999999996,0.0025,0.0292,0.0297,-0.006,2021-07-01
-0.0028000000000000004,0.0178,0.0055000000000000005,-0.011399999999999999,0.04650000000000001,0.013600000000000001,0.024,0.0286,0.0323,0.0268,2021-08-01
-0.045599999999999995,0.027999999999999997,-0.0579,0.1106,-0.061399999999999996,-0.0559,-0.0438,-0.0602,-0.048600000000000004,-0.0245,2021-09-01
0.0374,0.3086,0.0499,0.1036,0.0815,-0.042300000000000004,0.051500000000000004,0.0225,0.051100000000000007,0.0667,2021-10-01
-0.0387,0.0204,-0.0069,-0.0537,0.0144,-0.0718,0.0148,-0.0429,-0.0196,-0.054299999999999994,2021-11-01
0.0806,-0.046900000000000004,0.0581,0.0305,0.0167,0.039599999999999996,0.0152,0.0662,0.0855,0.048799999999999996,2021-12-01
-0.0066,-0.10310000000000001,-0.0584,0.1741,-0.0843,-0.019,-0.0883,-0.0877,-0.021,-0.0329,2022-01-01
-0.005600000000000001,-0.0708,-0.0123,0.0834,-0.0454,0.0029,-0.0155,-0.01,-0.011000000000000001,-0.0173,2022-02-01
0.0043,0.1505,0.0092,0.09789999999999999,0.032799999999999996,-0.024399999999999998,0.0298,0.0513,0.0967,0.0109,2022-03-01
0.0226,-0.1696,-0.053,-0.0128,-0.1259,-0.1061,-0.0978,-0.0688,-0.0371,-0.0915,2022-04-01
-0.0163,-0.0904,-0.0038,0.1552,-0.021,0.08650000000000001,-0.040999999999999995,0.0096,0.0479,0.0063,2022-05-01
-0.0391,-0.1189,-0.09449999999999999,-0.1655,-0.0815,-0.0664,-0.07730000000000001,-0.020099999999999996,-0.0654,-0.09960000000000001,2022-06-01
0.0415,0.27649999999999997,0.0836,0.1047,0.1168,-4e-4,0.147,0.0277,0.063,0.0885,2022-07-01
-0.0182,-0.0581,-0.0348,0.0332,-0.0537,-0.0286,-0.031,-0.050300000000000004,0.0015,-0.025099999999999997,2022-08-01
-0.08349999999999999,-0.0655,-0.11539999999999999,-0.0917,-0.1144,-0.1383,-0.07629999999999999,-0.0191,-0.1162,-0.0809,2022-09-01
0.0998,-0.0661,0.12210000000000001,0.2351,0.0501,0.1057,0.0435,0.08800000000000001,0.0351,0.115,2022-10-01
0.053,-0.081,0.09029999999999999,0.0106,0.0536,0.0215,0.0379,0.0535,0.0678,0.059000000000000004,2022-11-01
-0.026600000000000002,-0.2807,-0.0235,-0.042,-0.0796,-0.0681,-0.0793,-0.0173,-0.0121,-0.053899999999999997,2022-12-01
-0.0037,0.2903,0.0592,0.0278,0.0959,0.1353,0.09759999999999999,-0.0104,-0.0124,0.0751,2023-01-01
-0.0218,0.11,-0.018500000000000003,-0.0689,-0.002,-0.06509999999999999,-0.0466,-0.0429,-0.053200000000000004,-0.0268,2023-02-01
0.0313,-0.0062,0.0037,-0.0042,0.10460000000000001,-0.0012,0.0339,0.024900000000000002,0.038900000000000004,-0.0483,2023-03-01
0.0316,-0.1524,-0.0059,0.025699999999999997,0.0024,0.01,0.022400000000000003,0.0412,0.0172,0.018000000000000002,2023-04-01
-0.0535,0.1352,-0.0554,-0.095,0.0855,-0.0942,0.0053,-0.036699999999999997,-0.0582,-0.028399999999999998,2023-05-01
0.028399999999999998,0.2466,0.1069,0.0647,0.0591,0.0463,0.0783,0.0466,0.026099999999999998,0.0745,2023-06-01
0.0231,0.0273,0.0317,0.07429999999999999,0.042300000000000004,0.0097,0.0226,-0.0012,0.0279,0.0537,2023-07-01
-0.0377,-0.0431,-0.023799999999999998,0.0194,-0.0165,0.0016,-0.0039000000000000003,-0.0023,-0.0529,-0.0337,2023-08-01
-0.045700000000000005,-0.0258,-0.0709,0.0316,-0.0602,-0.0321,-0.056600000000000004,-0.0471,-0.0504,-0.0341,2023-09-01
-0.0353,-0.1788,-0.0278,-0.061799999999999994,-0.0166,-0.0018,0.004,-0.0458,0.011200000000000002,-0.026699999999999998,2023-10-01
0.050199999999999995,0.1576,0.0868,-0.0134,0.11960000000000001,0.0697,0.0717,0.0587,0.0508,0.10439999999999999,2023-11-01
0.0353,0.0661,0.0635,0.0019,0.0463,0.0225,0.059000000000000004,0.0691,0.0169,0.0662,2023-12-01
-0.0177,-0.1791,-0.0123,-0.0011,0.031,0.0454,0.0125,0.0354,-0.03,0.01,2024-01-01
0.019299999999999998,0.0721,0.0525,0.0305,0.0622,-0.027200000000000002,0.09480000000000001,0.0464,0.024300000000000002,0.0464,2024-02-01
0.029900000000000003,-0.0556,0.044800000000000006,0.1027,0.0236,0.0308,0.0268,0.0218,0.0703,0.045,2024-03-01
-0.0154,-0.0096,-0.0387,-0.0064,-0.0441,-0.06509999999999999,-0.0472,-0.058600000000000006,0.015700000000000002,-0.045599999999999995,2024-04-01
0.0138,-0.0075,0.0294,-0.0048,0.0809,0.0374,0.024700000000000003,0.0321,0.0801,0.0327,2024-05-01
-0.0226,0.061,-0.0182,-0.021,0.0757,-0.006,0.0353,0.029300000000000003,-0.042300000000000004,-0.0013,2024-06-01
0.047599999999999996,0.1155,0.0345,0.0202,-0.0174,0.0384,0.0053,0.0085,0.0636,0.0622,2024-07-01
0.041100000000000005,-0.0516,0.0179,-0.0292,0.013500000000000002,0.0121,0.013500000000000002,0.0644,0.0455,0.030299999999999997,2024-08-01
0.009899999999999999,0.1424,0.028300000000000002,-0.0317,0.0296,0.056299999999999996,0.036699999999999997,-0.0181,0.0535,0.0066,2024-09-01
-0.0259,-0.031400000000000004,-0.036000000000000004,-0.0054,-0.0021,0.0236,-0.011399999999999999,-0.0311,0.0070999999999999995,0.0111,2024-10-01
0.0152,0.2968,0.0644,0.06570000000000001,0.0495,0.09179999999999999,0.09949999999999999,-0.0058,0.061799999999999994,0.1023,2024-11-01
-0.0504,0.11,-0.077,-0.08960000000000001,0.0143,-0.0796,-0.0187,-0.0542,-0.0783,-0.0709,2024-12-01
-0.0268,-0.044800000000000006,-0.0318,-0.0353,-0.0555,-0.0774,-0.0454,-0.041100000000000005,-0.029500000000000002,-0.0509,1970-01-01
0.0355,-0.0059,0.0379,0.052300000000000006,0.0332,0.0722,0.0256,0.041299999999999996,0.0683,0.071,1970-02-01
-0.015,-0.0091,-0.0161,-0.0467,-0.066,-0.0394,-0.0339,-0.049100000000000005,0.0322,-0.026000000000000002,1970-03-01
-0.1352,-0.18530000000000002,-0.1535,-0.1839,-0.2151,-0.1499,-0.1699,-0.1707,-0.06509999999999999,-0.1825,1970-04-01
-0.0907,-0.0926,-0.0928,-0.0316,-0.1057,-0.0832,-0.1085,-0.1036,-0.0546,-0.0941,1970-05-01
-0.06709999999999999,-0.0917,-0.079,-0.059699999999999996,-0.113,-0.042699999999999995,-0.0664,-0.0575,-0.0398,-0.08349999999999999,1970-06-01
0.0576,0.08460000000000001,0.048,0.1629,-0.0022,0.087,0.0664,0.0416,0.0718,0.0608,1970-07-01
0.050300000000000004,0.08779999999999999,0.059800000000000006,0.0864,0.0802,0.045,0.050300000000000004,0.0487,0.0398,0.0716,1970-08-01
0.1324,0.1366,0.12,0.1148,0.2184,0.1054,0.13699999999999998,0.1219,0.0077,0.1351,1970-09-01
-0.0361,-0.07339999999999999,-0.0682,-0.009300000000000001,-0.1349,-0.0366,-0.050300000000000004,-0.044199999999999996,-0.0058,-0.0655,1970-10-01
0.0019,-0.0018,-0.0053,0.0227,-0.0361,0.0223,8e-4,-0.0025,0.08789999999999999,0.0024,1970-11-01
0.1211,0.08810000000000001,0.0877,0.022099999999999998,0.0475,0.0667,0.11019999999999999,0.0909,0.0675,0.0691,1970-12-01
0.13849999999999998,0.1394,0.1344,0.0872,0.18989999999999999,0.10310000000000001,0.15,0.08439999999999999,0.0481,0.1616,1971-01-01
0.0947,0.0553,0.0424,0.036000000000000004,0.0507,0.019799999999999998,0.0582,0.06849999999999999,-0.019799999999999998,0.0403,1971-02-01
0.0409,0.0513,0.0461,0.0265,0.0967,0.07780000000000001,0.0909,0.0464,0.0174,0.061500000000000006,1971-03-01
0.0079,0.0487,0.0349,0.0308,0.033,0.030600000000000002,0.0171,0.0408,-0.024700000000000003,0.0371,1971-04-01
-0.0479,-0.054400000000000004,-0.051399999999999994,-0.0574,-0.061500000000000006,-0.0355,-0.046799999999999994,-0.0049,-0.0348,-0.057999999999999996,1971-05-01
-0.031400000000000004,-0.0023,-0.0265,-0.0043,-0.0356,-0.0064,-0.0128,-0.005,0.024399999999999998,-0.017,1971-06-01
-0.0556,-0.0751,-0.0556,-0.027999999999999997,-0.0958,-0.041100000000000005,-0.055,-0.061,-0.009300000000000001,-0.0588,1971-07-01
0.0332,0.0818,0.0545,0.0063,0.0542,0.019299999999999998,0.026099999999999998,0.047,-0.011699999999999999,0.0516,1971-08-01
0.0091,0.0097,-0.0149,-0.0161,-0.0334,0.0084,0.004,0.014499999999999999,-0.0152,0,1971-09-01
-0.0572,-0.0591,-0.06509999999999999,-0.08380000000000001,-0.0795,-0.0545,-0.054000000000000006,-0.048499999999999995,0.018000000000000002,-0.0633,1971-10-01
-0.0392,-0.0282,-0.0381,-0.019,-0.029300000000000003,0.0029,-0.0354,-0.028900000000000002,-0.0106,-0.0403,1971-11-01
0.12119999999999999,0.1293,0.1151,0.11630000000000001,0.1585,0.1386,0.1293,0.1211,0.0722,0.11109999999999999,1971-12-01
0.0935,0.1448,0.1073,0.0799,0.19010000000000002,0.0694,0.0891,0.0667,0.0101,0.1166,1972-01-01
0.0365,0.0489,0.0463,0.0622,0.0575,0.0765,0.0613,0.0785,-0.0223,0.0258,1972-02-01
-0.0103,0.005600000000000001,0.0037,-0.0354,0.0012,0.0036,3e-4,0.0044,-3e-4,0.0025,1972-03-01
-0.0070999999999999995,0.0366,0.014199999999999999,-0.0141,0.0054,-0.016399999999999998,-0.0125,-0.0060999999999999995,-0.0231,-0.0011,1972-04-01
-0.0241,-0.0163,-0.019799999999999998,-0.0089,-0.0184,0.0155,-0.03,0.0027,-0.0052,-0.0242,1972-05-01
-0.0315,-0.0281,-0.028999999999999998,-0.0279,-0.0325,-0.04,-0.0663,-0.0118,-0.013600000000000001,-0.0395,1972-06-01
-0.0341,-0.0363,-0.018600000000000002,-0.022099999999999998,-0.0298,5e-4,-0.06570000000000001,-0.0196,0.0036,-0.04190000000000001,1972-07-01
-0.0096,-0.0029,0.015300000000000001,0.0941,0.003,0.0352,-0.0086,0.038,0.046,0.0078000000000000005,1972-08-01
-0.0363,-0.042199999999999994,-0.0282,-0.0291,-0.0407,-0.026000000000000002,-0.038900000000000004,-0.036699999999999997,0.002,-0.0342,1972-09-01
-0.0066,-0.0176,-0.0232,0.0104,-0.0241,0.0053,-0.0297,-0.0444,0.0582,-0.020499999999999997,1972-10-01
0.0588,0.0394,0.053200000000000004,0.07719999999999999,0.0263,0.0535,0.0723,-0.004,0.0668,0.0431,1972-11-01
-0.0297,-0.0154,-0.017,0.0074,-0.024399999999999998,-0.0437,-0.0296,-9e-4,-0.0087,-0.030299999999999997,1972-12-01
-0.046,-0.07919999999999999,-0.0313,0.0484,-0.0337,-0.0727,-0.060599999999999994,-0.081,-0.029500000000000002,-0.0466,1973-01-01
-0.0721,-0.0916,-0.0668,-0.09939999999999999,-0.0916,-0.09380000000000001,-0.0962,-0.07339999999999999,-0.018500000000000003,-0.0712,1973-02-01
-0.035,-0.0333,-0.0161,-0.0123,-0.0364,-0.023700000000000002,-0.0582,-0.0302,-0.013999999999999999,-0.0212,1973-03-01
-0.08220000000000001,-0.0866,-0.0587,-0.0458,-0.0863,-0.06860000000000001,-0.0931,-0.1,-0.0066,-0.0857,1973-04-01
-0.08529999999999999,-0.10279999999999999,-0.0767,-0.0915,-0.1048,-0.0562,-0.1002,-0.08810000000000001,-0.0069,-0.08900000000000001,1973-05-01
-0.0516,-0.044000000000000004,-0.0278,-0.013500000000000002,-0.0281,-0.015300000000000001,-0.048,-0.042699999999999995,-0.0179,-0.0291,1973-06-01
0.1096,0.1445,0.1167,0.0849,0.17010000000000003,0.0711,0.12269999999999999,0.1464,-0.0124,0.0987,1973-07-01
-0.0529,-0.0719,-0.0345,-0.034300000000000004,-0.0605,-0.061200000000000004,-0.0495,-0.061900000000000004,-0.0199,-0.0436,1973-08-01
0.0617,0.0723,0.0805,0.1685,0.1206,0.0353,0.0613,0.0852,0.0625,0.0594,1973-09-01
-0.013999999999999999,-0.0384,0.0064,0.1429,0.018600000000000002,-0.048499999999999995,-0.015300000000000001,0.0075,-0.023,-0.013600000000000001,1973-10-01
-0.1834,-0.23670000000000002,-0.1865,-0.0629,-0.2202,-0.1779,-0.20809999999999998,-0.1578,-0.0964,-0.1632,1973-11-01
-0.0587,-0.0639,-0.039599999999999996,0.0653,-0.048,-0.0384,-0.0592,-0.0526,0.021099999999999997,-0.041299999999999996,1973-12-01
0.14980000000000002,0.159,0.1496,0.04190000000000001,0.1494,0.139,0.1431,0.0953,0.058499999999999996,0.1275,1974-01-01
0.0194,0.0152,0.0124,-0.0212,-0.011200000000000002,-0.0197,0.0059,-0.008100000000000001,0.010700000000000001,0.0077,1974-02-01
0.0087,0.0288,0.0231,-0.0179,0.0074,-0.0116,0.0288,-0.0062,-0.026099999999999998,0.0046,1974-03-01
-0.04769999999999999,-0.0565,-0.0335,-0.0701,-0.0558,-0.0855,-0.0493,-0.055099999999999996,-0.09230000000000001,-0.0587,1974-04-01
-0.0613,-0.0652,-0.056799999999999996,-0.11320000000000001,-0.0712,-0.0605,-0.0621,-0.059699999999999996,-0.0634,-0.0787,1974-05-01
-0.0208,-0.0401,-0.0115,-0.0054,-0.043899999999999995,-0.031400000000000004,-0.0361,-0.030899999999999997,-0.0421,-0.0383,1974-06-01
-0.051699999999999996,-0.0718,-0.04,-0.0426,-0.0775,-0.0601,-0.05,-0.0736,-0.0012,-0.057699999999999994,1974-07-01
-0.0795,-0.0635,-0.0699,-0.0836,-0.0875,-0.06709999999999999,-0.08310000000000001,-0.079,-0.0682,-0.0895,1974-08-01
-0.0757,-0.09300000000000001,-0.0839,-0.054000000000000006,-0.1137,-0.0814,-0.09140000000000001,-0.11779999999999999,-0.0229,-0.0709,1974-09-01
0.062,0.0735,0.0949,0.2516,0.0605,0.0825,0.0767,0.1996,0.0986,0.0848,1974-10-01
-0.058899999999999994,-0.0728,-0.0483,0.0040999999999999995,-0.0633,-0.0017000000000000001,-0.0605,-0.0161,-0.004699999999999999,-0.051100000000000007,1974-11-01
-0.0754,-0.09570000000000001,-0.0736,-0.0356,-0.109,-0.0374,-0.08900000000000001,-0.0827,-0.026000000000000002,-0.0768,1974-12-01
0.2876,0.34950000000000003,0.2732,0.1618,0.34950000000000003,0.33899999999999997,0.32409999999999994,0.27649999999999997,0.22760000000000002,0.2895,1975-01-01
0.0481,0.035,0.0546,0.0541,0.08109999999999999,0.0928,0.0575,0.1184,0.0096,0.0591,1975-02-01
0.1048,0.1082,0.0805,-0.0037,0.12179999999999999,0.0726,0.13369999999999999,0.0519,-0.006,0.0724,1975-03-01
0.0382,0.0335,0.0524,0.0691,0.0669,0.0679,0.0298,0.038,6e-4,0.0171,1975-04-01
0.068,0.0758,0.06280000000000001,0.1351,0.1104,0.0959,0.0667,0.08650000000000001,0.0704,0.0705,1975-05-01
0.08220000000000001,0.0863,0.0779,0.0842,0.0889,0.07150000000000001,0.077,0.054299999999999994,0.0953,0.0599,1975-06-01
0.0068000000000000005,0.0152,-0.0105,-0.026699999999999998,-0.0203,-0.055999999999999994,0.0066,-0.0281,-0.0315,-0.0075,1975-07-01
-0.0487,-0.0608,-0.0441,-0.030299999999999997,-0.06559999999999999,-0.0291,-0.0392,-0.0764,-0.0166,-0.0504,1975-08-01
-0.0152,-0.0412,-0.035699999999999996,-0.0416,-0.0447,-0.0438,-0.0305,-0.0504,-0.009300000000000001,-0.0444,1975-09-01
0.0424,0.044199999999999996,0.008,-0.0053,6e-4,0.035,0.0355,0.0181,0.050499999999999996,0.0069,1975-10-01
0.0407,0.034,0.019,-0.0176,0.0141,0.0345,0.0425,0.0282,0.0321,0.0077,1975-11-01
-0.0068000000000000005,-0.009399999999999999,-0.0087,-0.0155,-0.024399999999999998,0.0054,-0.0058,-0.008,0.0067,0.004,1975-12-01
0.19640000000000002,0.2626,0.2078,0.1482,0.2518,0.2047,0.1882,0.1718,0.0974,0.1661,1976-01-01
0.1364,0.1568,0.1173,0.0334,0.1489,0.0789,0.1423,0.0754,-0.0085,0.1104,1976-02-01
0.0040999999999999995,0.0242,0.019299999999999998,0.0203,0.0381,-0.0263,0.026699999999999998,0.0187,0.001,0.0273,1976-03-01
-0.008,-0.013000000000000001,-0.0069,0.022400000000000003,-0.013300000000000001,0.0025,-0.017,-0.0341,0.015300000000000001,-0.0019,1976-04-01
-0.040999999999999995,-0.0426,-0.0078000000000000005,0.0716,-0.0335,-0.0344,-0.0382,-0.0183,-0.011399999999999999,-0.018000000000000002,1976-05-01
0.0123,0.0262,0.0398,0.0358,0.0605,0.051699999999999996,0.0058,0.0264,0.031,0.0278,1976-06-01
-0.0013,-0.0012,0.0039000000000000003,0.0064,-0.013999999999999999,0.0027,-0.0132,0.008,0.029500000000000002,0.0079,1976-07-01
-0.0278,-0.0263,-0.0154,-0.03,-0.0333,0.0378,-0.0167,-0.0152,0.0288,-0.0124,1976-08-01
-0.0026,0.0144,0.0161,0.0676,0.0123,0.025099999999999997,0.0067,0.0206,0.04019999999999999,0.0151,1976-09-01
-0.023700000000000002,-0.0296,-0.0252,-0.0038,-0.0425,-0.0046,-0.031200000000000002,-0.011000000000000001,-0.002,-0.0144,1976-10-01
0.0219,0.036699999999999997,0.0209,0.035699999999999996,0.0285,0.046,0.0281,0.0106,0.0298,0.0268,1976-11-01
0.08779999999999999,0.1061,0.09210000000000002,0.1128,0.1309,0.0729,0.0974,0.0924,0.0704,0.10310000000000001,1976-12-01
0.0298,0.0101,0.035,0.1168,0.0545,0.0479,0.0173,0.0371,0.0246,0.0358,1977-01-01
-5e-4,-0.0026,0.009300000000000001,-0.0168,0.004,0.0176,-0.0046,-0.005,-0.0273,0.009000000000000001,1977-02-01
0.0032,-0.011200000000000002,0.012,-0.0053,0.0187,0.021,3e-4,0.006500000000000001,0.0032,0.0166,1977-03-01
0.015,0.0028000000000000004,0.023399999999999997,0.0335,0.0154,8e-4,0.002,-0.011200000000000002,0.0167,0.0235,1977-04-01
-0.005,-0.0051,-0.0064,0.0172,0.0051,-0.0127,0.0062,4e-4,0.0139,0.0088,1977-05-01
0.04650000000000001,0.0335,0.0507,0.0874,0.0605,0.0694,0.0478,0.07139999999999999,0.0553,0.054000000000000006,1977-06-01
0.012,0.0058,-0.0043,-0.0072,0.0087,0.0381,0.0147,0.0086,0.0178,0.0222,1977-07-01
-0.0059,-0.0097,-0.008100000000000001,-0.031400000000000004,0.0049,-7.000000000000001e-4,0.005,-0.0043,-0.0181,8e-4,1977-08-01
0.0106,0.012199999999999999,-0.0017000000000000001,0.0242,0.0077,0.0137,0.027200000000000002,0.0478,0.0151,0.0171,1977-09-01
-0.0146,-0.0337,-0.0275,-0.0504,-0.025699999999999997,-0.0172,-0.0189,-0.0034999999999999996,-0.0226,-0.0215,1977-10-01
0.0718,0.07719999999999999,0.0727,0.08789999999999999,0.09269999999999999,0.0791,0.0611,0.0817,0.0353,0.0707,1977-11-01
0.0132,0.0078000000000000005,0.0163,0.0363,0.030899999999999997,0.057800000000000004,0.019799999999999998,0.0392,0.0011,0.0241,1977-12-01
-0.0016,-0.0333,-0.0175,-0.0362,-0.0218,-0.0177,-0.012,-0.014199999999999999,-0.0321,-0.0028000000000000004,1978-01-01
0.0212,0.0236,0.0263,0.012199999999999999,0.0255,0.0213,0.0447,0.018600000000000002,0.0042,0.0256,1978-02-01
0.0668,0.0667,0.0672,0.025699999999999997,0.0966,0.0814,0.0737,0.0891,0.016399999999999998,0.0688,1978-03-01
0.07,0.0877,0.092,0.0567,0.11810000000000001,0.0889,0.0815,0.1094,0.0031,0.07780000000000001,1978-04-01
0.0697,0.08710000000000001,0.0753,0.037599999999999995,0.1232,0.0574,0.0728,0.08289999999999999,0.0017000000000000001,0.0621,1978-05-01
0.009399999999999999,-2e-4,0.0034000000000000002,-0.0045000000000000005,0.0062,-0.0059,7.000000000000001e-4,0.0073,0.0102,0.0187,1978-06-01
0.0276,0.0363,0.063,0.041299999999999996,0.0733,0.0487,0.0342,0.0894,0.030299999999999997,0.0559,1978-07-01
0.0762,0.131,0.0882,0.0342,0.1753,0.0819,0.10779999999999999,0.0974,0.0163,0.0908,1978-08-01
0.0268,0.0012,-0.0079,0.0253,0.0101,-0.0015,-0.0036,-0.0025,0.0013,0.0058,1978-09-01
-0.1818,-0.204,-0.1868,-0.2075,-0.24850000000000003,-0.13720000000000002,-0.1928,-0.2279,-0.0728,-0.16440000000000002,1978-10-01
0.057800000000000004,0.0352,0.0458,0.0894,0.0818,0.0689,0.0277,0.0787,0.0226,0.0269,1978-11-01
-0.0018,-0.006999999999999999,0.013500000000000002,0.020099999999999996,0.0414,0.042800000000000005,0.0044,0.0332,-0.0067,0.0172,1978-12-01
0.0872,0.1109,0.1093,0.0756,0.1202,0.0946,0.0935,0.0897,0.060700000000000004,0.08410000000000001,1979-01-01
-0.0212,-0.0302,-0.0252,0.0274,-0.0363,-0.011699999999999999,-0.0317,-0.044500000000000005,-0.0085,-0.011399999999999999,1979-02-01
0.059000000000000004,0.0622,0.09,0.1816,0.1134,0.0916,0.0764,0.073,0.0255,0.0759,1979-03-01
0.024900000000000002,0.0182,0.0294,0.047400000000000005,0.0255,0.048,0.0229,0.011000000000000001,-0.0084,0.0317,1979-04-01
-0.0024,-0.0098,-0.0128,9e-4,-0.013000000000000001,-0.0121,-0.0235,-0.0131,0.005699999999999999,-0.0074,1979-05-01
0.0191,0.0362,0.0504,0.1962,0.051500000000000004,0.0655,0.027999999999999997,0.0446,0.0553,0.0608,1979-06-01
0.0034000000000000002,0.0187,0.0286,0.0054,0.018500000000000003,0.016200000000000003,0.022000000000000002,0.028900000000000002,0.0383,0.027200000000000002,1979-07-01
0.0729,0.0506,0.0832,0.12390000000000001,0.0977,0.06309999999999999,0.0783,0.0762,0.025,0.0677,1979-08-01
-0.015300000000000001,-0.0152,-0.0095,0.0652,-0.0049,0.015,5e-4,0.0132,-0.0152,-0.0025,1979-09-01
-0.0965,-0.0993,-0.1036,-0.0702,-0.0929,-0.0941,-0.09380000000000001,-0.09269999999999999,-0.0666,-0.1017,1979-10-01
0.0467,0.011200000000000002,0.0559,0.1753,0.1118,0.08960000000000001,0.04019999999999999,0.0977,0.0687,0.0603,1979-11-01
0.042199999999999994,0.0288,0.0753,0.16149999999999998,0.0998,0.0866,0.0538,0.07150000000000001,-0.0075,0.06269999999999999,1979-12-01
0.077,0.11689999999999999,0.11900000000000001,0.1913,0.1481,0.0369,0.057800000000000004,0.0825,0.0121,0.09820000000000001,1980-01-01
-0.013000000000000001,-0.0168,-0.0248,0.08380000000000001,-0.004699999999999999,-0.0332,-0.013600000000000001,-0.032799999999999996,-0.0405,-0.0059,1980-02-01
-0.1432,-0.1761,-0.1659,-0.24789999999999998,-0.1959,-0.114,-0.1514,-0.1364,-0.0672,-0.16010000000000002,1980-03-01
0.042300000000000004,0.0154,0.0336,0.0729,0.055,0.0661,0.0365,0.0622,0.129,0.058600000000000006,1980-04-01
0.06849999999999999,0.0855,0.0621,0.0592,0.0678,0.0863,0.0859,0.1093,0.0496,0.0765,1980-05-01
0.0384,0.0297,0.0358,0.0669,0.0322,0.0308,0.0383,0.0194,0.0492,0.051,1980-06-01
0.07730000000000001,0.0834,0.1017,0.06570000000000001,0.17679999999999998,0.058899999999999994,0.08839999999999999,0.1317,0.006500000000000001,0.08470000000000001,1980-07-01
0.0584,0.07440000000000001,0.0623,0.09029999999999999,0.1317,0.0911,0.0608,0.087,-0.0129,0.0557,1980-08-01
0.0339,0.0662,0.0479,0.1186,0.06709999999999999,0.0209,0.0319,0.066,0.0012,0.047,1980-09-01
0.0178,0.0089,0.030699999999999998,0.11460000000000001,0.07629999999999999,0.0305,0.0231,0.0641,0.011699999999999999,0.04769999999999999,1980-10-01
0.011000000000000001,0.035,0.061799999999999994,0.2623,0.109,0.0608,0.031,0.07719999999999999,0.0235,0.0623,1980-11-01
-0.0313,-0.040999999999999995,-0.0385,-0.0718,-0.0392,-0.0235,-0.025699999999999997,-0.0217,0.0029,-0.0259,1980-12-01
0.038599999999999995,0.021099999999999997,0.0031,-0.0638,-0.0332,0.0507,0.0282,0.028999999999999998,0.0039000000000000003,0.0113,1981-01-01
0.0147,0.0279,0.0109,-0.0271,-0.024300000000000002,0.014199999999999999,0.0127,-0.0181,-0.0023,0.0131,1981-02-01
0.0713,0.076,0.08990000000000001,9e-4,0.0821,0.0825,0.08529999999999999,0.1185,0.0274,0.0731,1981-03-01
0.041100000000000005,0.0528,0.0256,-0.0756,0.0623,0.032400000000000005,0.053099999999999994,0.07139999999999999,-0.0165,0.0298,1981-04-01
0.030899999999999997,0.0318,0.0236,0.0194,0.0761,0.0661,0.0226,0.037200000000000004,0.020499999999999997,0.0171,1981-05-01
0.0189,0.0075,-0.0055000000000000005,-0.0724,-0.0552,-0.0184,0.0173,-0.021400000000000002,0.0331,0.0014000000000000002,1981-06-01
-0.0147,-0.014499999999999999,-0.0253,0.0471,-0.0571,-0.0154,-0.0315,-0.0424,0.0134,-0.0208,1981-07-01
-0.0576,-0.08869999999999999,-0.08070000000000001,-0.08380000000000001,-0.1229,-0.0886,-0.0636,-0.1093,-0.0038,-0.0649,1981-08-01
-0.0579,-0.0857,-0.09029999999999999,-0.1739,-0.1008,-0.055,-0.06280000000000001,-0.0775,-0.042,-0.0862,1981-09-01
0.0576,0.0701,0.056600000000000004,0.0891,0.1061,0.08810000000000001,0.059800000000000006,0.0931,0.046900000000000004,0.0705,1981-10-01
0.024,0.0197,0.019299999999999998,-0.0148,0.0167,0.0708,4e-4,0.0137,0.0713,0.024300000000000002,1981-11-01
-0.005600000000000001,-0.020499999999999997,-0.0125,-0.0621,-0.0175,-0.0115,-0.009399999999999999,-0.0163,-0.0248,-0.022000000000000002,1981-12-01
3e-4,5e-4,-0.0161,-0.0738,-0.0083,-0.0353,-0.009899999999999999,-0.0078000000000000005,0.0062,-0.0219,1982-01-01
-0.019299999999999998,-0.0288,-0.0403,-0.1574,-0.0588,-0.0377,-0.024,-0.031200000000000002,0.0022,-0.0415,1982-02-01
0.0078000000000000005,0.0068000000000000005,-0.0231,-0.049100000000000005,-0.013000000000000001,0.0015,0.013999999999999999,-0.0011,0.0173,-0.0127,1982-03-01
0.0579,0.0591,0.035699999999999996,0.0148,0.08220000000000001,0.0805,0.0661,0.0984,0.0406,0.054299999999999994,1982-04-01
-0.011699999999999999,-0.0339,-0.032799999999999996,-0.0181,-0.034300000000000004,-0.0384,-0.0127,-0.0363,-9e-4,-0.024399999999999998,1982-05-01
-0.0055000000000000005,-0.0031,-0.031400000000000004,-0.1047,-0.0499,-0.0287,-0.008199999999999999,-0.0308,-0.0152,-0.0327,1982-06-01
6e-4,0.0069,-0.0115,-0.1079,-0.0137,-0.0121,0.013999999999999999,0.0054,-0.0202,-0.0144,1982-07-01
0.0421,0.0371,0.07150000000000001,0.0472,0.0594,0.0668,0.055099999999999996,0.061500000000000006,0.0951,0.0698,1982-08-01
0.0698,0.015700000000000002,0.019,-0.0603,0.050199999999999995,0.0481,0.0471,0.0552,0.0197,0.0421,1982-09-01
0.11199999999999999,0.1536,0.11710000000000001,0.0832,0.18359999999999999,0.1291,0.1353,0.1547,0.061799999999999994,0.1353,1982-10-01
0.0987,0.11939999999999999,0.0955,-0.0582,0.1433,0.141,0.1116,0.149,0.0187,0.10460000000000001,1982-11-01
0.0182,0.008100000000000001,0.0286,-0.015300000000000001,0.0433,-0.003,0.0254,0.0407,0.0274,0.018500000000000003,1982-12-01
0.0705,0.12140000000000001,0.0981,0.1638,0.1605,0.1736,0.0839,0.12300000000000001,0.04,0.105,1983-01-01
0.0745,0.086,0.0642,-0.059699999999999996,0.091,0.0264,0.0855,0.0843,0.0241,0.049400000000000006,1983-02-01
0.0713,0.0507,0.04019999999999999,0.0275,0.0253,0.038,0.08839999999999999,0.060899999999999996,0.0070999999999999995,0.0646,1983-03-01
0.0755,0.0935,0.0632,0.08470000000000001,0.0681,0.0451,0.0973,0.0862,0.0437,0.0922,1983-04-01
0.0611,0.0895,0.08310000000000001,0.1671,0.1226,0.0874,0.08839999999999999,0.0812,0.04,0.086,1983-05-01
0.0575,0.0737,0.0429,0.0473,0.0623,0.0302,0.0728,0.057300000000000004,-0.0014000000000000002,0.0403,1983-06-01
-0.006,-0.0264,-0.0129,0.0147,-0.060700000000000004,-0.0556,-0.013999999999999999,-0.0716,0.018000000000000002,-0.0131,1983-07-01
-0.024700000000000003,-0.0653,-0.030600000000000002,-0.0177,-0.054000000000000006,-0.0557,-0.0452,-0.0435,0.020499999999999997,-0.0125,1983-08-01
0.0208,0.0062,0.011200000000000002,-0.032799999999999996,-0.0148,-0.013500000000000002,0.0144,-0.024399999999999998,0.0387,0.005,1983-09-01
-0.0384,-0.0516,-0.0509,-0.066,-0.10949999999999999,-0.0795,-0.0495,-0.1084,0.0195,-0.0462,1983-10-01
0.0387,0.056600000000000004,0.0496,-0.040999999999999995,0.0512,0.0311,0.0322,0.0060999999999999995,0.0055000000000000005,0.0268,1983-11-01
-0.011399999999999999,-0.011899999999999999,-0.0034999999999999996,-0.0379,-0.0424,-0.0132,-0.0302,-0.0592,-0.0235,-0.0147,1983-12-01
0.0111,-0.016200000000000003,0.0058,0.0623,-0.0223,9e-4,-0.024900000000000002,-0.0176,0.0229,0.0070999999999999995,1984-01-01
-0.0449,-0.057999999999999996,-0.064,-0.0207,-0.09480000000000001,-0.07780000000000001,-0.0592,-0.059000000000000004,-0.019,-0.0462,1984-02-01
0.0158,0.0173,0.0212,0.015600000000000001,-0.0042,-0.0215,0.005600000000000001,0.0034000000000000002,1e-4,0.0036,1984-03-01
-0.0091,-0.02,-0.0046,-0.0222,-0.0282,-0.015600000000000001,-0.024300000000000002,-0.011200000000000002,-0.0106,-0.027000000000000003,1984-04-01
-0.0317,-0.0636,-0.0537,-0.0408,-0.06509999999999999,-0.0416,-0.0381,-0.0733,0.0098,-0.0536,1984-05-01
0.0218,0.032400000000000005,0.02,-0.0373,0.0248,0.0311,0.0348,0.0253,0.009399999999999999,0.0092,1984-06-01
-0.0364,-0.0516,-0.0362,-0.1015,-0.0774,-0.030299999999999997,-0.030699999999999998,-0.052000000000000005,-0.0044,-0.0374,1984-07-01
0.0674,0.0925,0.1015,0.0596,0.1173,0.0697,0.0968,0.13390000000000002,0.0692,0.0719,1984-08-01
0.009399999999999999,-0.005699999999999999,-0.0016,-0.008100000000000001,-0.0339,-0.0034999999999999996,-0.0019,-0.0264,0.0418,0.0146,1984-09-01
-0.0098,-0.0285,-0.0171,-0.09910000000000001,-0.042199999999999994,-0.0246,-0.0285,-0.0203,0.0325,-0.0063,1984-10-01
-0.0123,-0.0301,-0.0297,-0.0553,-0.056900000000000006,-0.0265,-0.0383,-0.0519,0.028900000000000002,-0.0241,1984-11-01
0.0161,0.0258,0.0060999999999999995,-0.0155,3e-4,0.0528,-0.005600000000000001,0.0014000000000000002,0.0209,0.0115,1984-12-01
0.0894,0.1369,0.1247,0.0409,0.18469999999999998,0.1557,0.1201,0.16390000000000002,0.0441,0.1202,1985-01-01
0.0417,0.0212,0.0341,0.0698,0.0576,0.0753,0.0495,0.0806,0.0127,0.044800000000000006,1985-02-01
0.0015,-0.034,-0.0255,-0.002,-0.045700000000000005,0.0463,-0.01,-0.0213,0.055099999999999996,0.0062,1985-03-01
-0.013300000000000001,-0.0263,-0.0209,-0.0167,-0.043899999999999995,-0.013500000000000002,-0.0125,0.006,0.023,0.0025,1985-04-01
0.0418,-5e-4,0.0253,-0.0278,0.008100000000000001,0.0407,0.0331,0.0275,0.0527,0.0315,1985-05-01
0.0212,0.0023,-0.0058,-0.045,-0.0253,0.0296,0.0085,0.0165,0.0371,0.0222,1985-06-01
0.011200000000000002,0.0106,0.0359,-0.0049,0.0296,0.0184,0.009300000000000001,0.009000000000000001,-0.0275,0.0235,1985-07-01
0.0194,-0.011200000000000002,-0.0137,-0.0111,-0.0204,0.008,-0.019,-0.016399999999999998,0.018799999999999997,0.0104,1985-08-01
-0.0332,-0.0462,-0.049800000000000004,-0.06860000000000001,-0.08349999999999999,-0.0706,-0.0506,-0.0711,-0.0362,-0.0533,1985-09-01
0.037000000000000005,0.023799999999999998,0.0167,-0.011699999999999999,0.0079,9e-4,0.0070999999999999995,0.023700000000000002,0.04769999999999999,0.028900000000000002,1985-10-01
0.056600000000000004,0.0526,0.053099999999999994,0.0321,0.0529,0.054299999999999994,0.0616,0.057699999999999994,0.0438,0.0584,1985-11-01
0.0454,0.0286,0.043,-0.0898,0.0383,0.0044,0.0368,0.0421,0.0405,0.0373,1985-12-01
0.0405,0.0398,0.0268,-0.0033,0.0408,0.021400000000000002,0.0383,0.0537,0.0395,0.0637,1986-01-01
0.0683,0.1027,0.07429999999999999,-0.0733,0.056299999999999996,0.0567,0.0716,0.0359,0.0613,0.08349999999999999,1986-02-01
0.0667,0.07150000000000001,0.0596,-0.0118,0.0279,0.0762,0.0583,0.0953,0.041100000000000005,0.047400000000000005,1986-03-01
0.015,0.0253,0.005,-0.016,0.030600000000000002,0.0111,0.0233,0.008199999999999999,-0.0055000000000000005,0.0154,1986-04-01
0.0512,0.0181,0.0291,0.0519,0.0282,0.048,0.0602,0.0489,0.034300000000000004,0.0348,1986-05-01
0.031400000000000004,-0.0042,8e-4,8e-4,-0.026099999999999998,0.014199999999999999,0.0322,0.0226,0.048799999999999996,0.0144,1986-06-01
-0.0557,-0.0931,-0.08199999999999999,-0.0993,-0.1023,-0.0432,-0.0922,-0.0861,0.0317,-0.0636,1986-07-01
0.022799999999999997,-0.0085,0.0143,0.08259999999999999,0.0116,-0.016200000000000003,-0.0022,0.002,0.0669,0.0213,1986-08-01
-0.0621,-0.061,-0.044199999999999996,-0.039599999999999996,-0.078,-0.0697,-0.0724,-0.092,-0.071,-0.061,1986-09-01
0.0366,0.037000000000000005,0.0216,-0.0091,0.028999999999999998,0.0506,0.0348,0.0358,0.0504,0.0183,1986-10-01
0.0074,0.0103,-0.0054,-0.0288,0.0032,-0.0159,-0.0011,-0.0144,0.0031,-0.0181,1986-11-01
-0.0327,-0.0275,-0.0292,-0.0287,-0.0434,-0.0341,-0.0507,-0.0521,-0.028999999999999998,-0.0342,1986-12-01
0.0943,0.1081,0.1283,0.2024,0.1434,0.1309,0.0837,0.1213,0.07980000000000001,0.1074,1987-01-01
0.0696,0.0623,0.0812,0.0562,0.107,0.0556,0.0754,0.1465,-6e-4,0.0582,1987-02-01
0.0412,0.0183,0.042,0.1439,0.0084,0.0681,0.019299999999999998,0.031400000000000004,-0.0017000000000000001,0.0268,1987-03-01
-0.0342,-0.009000000000000001,-0.0189,0.0316,-0.0058,-0.026099999999999998,-0.029900000000000003,-0.024900000000000002,-0.0438,-0.0256,1987-04-01
-0.006500000000000001,0.0184,0.0143,0.0761,0.004699999999999999,0.0183,-0.0139,-0.012,-0.009399999999999999,-0.0096,1987-05-01
0.042699999999999995,0.028900000000000002,0.0371,0.033,0.0015,0.059500000000000004,0.0335,0.0206,0.0259,0.0232,1987-06-01
0.0291,0.0302,0.0483,0.16670000000000001,0.0144,0.058899999999999994,0.0392,-0.0029,-0.0044,0.024399999999999998,1987-07-01
0.0246,0.028300000000000002,0.0197,-0.039,0.0191,0.0146,0.0172,-8e-4,0.0231,0.0223,1987-08-01
-0.010700000000000001,-0.0116,-0.0018,-0.0417,-0.0079,-0.020499999999999997,-0.029900000000000003,-0.021099999999999997,-0.0231,-0.0182,1987-09-01
-0.2785,-0.31489999999999996,-0.29960000000000003,-0.2586,-0.31629999999999997,-0.2503,-0.2964,-0.3276,-0.1045,-0.2489,1987-10-01
-0.0634,-0.0571,-0.0407,-0.0687,-0.0756,-0.0689,-0.0727,-0.0641,-0.015700000000000002,-0.0417,1987-11-01
0.041299999999999996,0.0661,0.0519,-0.0254,0.051399999999999994,0.1795,0.016,0.0138,0.011000000000000001,0.013600000000000001,1987-12-01
0.057300000000000004,0.0684,0.0781,0.0724,0.0712,0.052300000000000006,0.08199999999999999,0.1246,0.0818,0.0832,1988-01-01
0.0849,0.0891,0.0785,0.0327,0.0684,0.1002,0.0919,0.0758,0.0225,0.0484,1988-02-01
0.0375,0.05,0.0501,0.0591,0.0365,0.0245,0.0446,0.061399999999999996,-0.0076,0.0217,1988-03-01
0.0197,0.0175,0.0245,0.034300000000000004,0.0177,0.0292,0.0174,0.0139,0.0033,5e-4,1988-04-01
-0.0104,-0.011699999999999999,-0.0129,-0.011899999999999999,-0.034,-0.0358,-0.0106,-0.022799999999999997,0.0189,-0.0159,1988-05-01
0.0379,0.0653,0.0629,-4e-4,0.06309999999999999,0.0901,0.0519,0.0475,0.0364,0.045700000000000005,1988-06-01
-0.002,0.004,-0.0039000000000000003,0.0125,-0.0154,0.0209,0.0058,-0.001,-3e-4,0.0051,1988-07-01
-0.0213,-0.0263,-0.0318,-0.018500000000000003,-0.0346,-0.0398,-0.0177,-0.0161,-0.0019,-0.0174,1988-08-01
0.0276,0.0262,0.0285,-0.042300000000000004,0.018799999999999997,0.0397,0.0416,0.021099999999999997,0.0252,0.014199999999999999,1988-09-01
0.0055000000000000005,-0.0171,-0.0126,-0.0297,-0.029300000000000003,-0.0046,-0.010700000000000001,-0.039599999999999996,0.0182,-0.0091,1988-10-01
-0.0443,-0.056799999999999996,-0.0365,-0.0353,-0.0524,-0.0242,-0.0398,-0.06709999999999999,-0.0021,-0.034300000000000004,1988-11-01
0.0321,0.012,0.0351,0.011200000000000002,0.0378,0.0495,0.0158,0.0285,0.0123,0.006999999999999999,1988-12-01
0.052300000000000006,0.0726,0.061900000000000004,0.087,0.0735,0.1085,0.0535,0.0633,0.0304,0.060599999999999994,1989-01-01
0.0091,0.0072,0.0104,7.000000000000001e-4,-0.0128,0.0124,0.0042,-0.0103,-0.0088,0.0116,1989-02-01
0.0434,0.0115,0.0196,0.0555,0.009000000000000001,0.04650000000000001,0.020499999999999997,0.021,8e-4,0.0084,1989-03-01
0.0464,0.0111,0.038900000000000004,0.0332,0.0315,0.08789999999999999,0.0414,0.0455,0.028999999999999998,0.0223,1989-04-01
0.0342,0.0248,0.0254,0.014199999999999999,0.026699999999999998,0.0645,0.0365,0.0526,0.0472,0.0229,1989-05-01
-0.003,-0.0294,-0.017,-0.0223,-0.0209,-6e-4,-0.0236,-0.0513,0.024399999999999998,2e-4,1989-06-01
0.0554,0.0603,0.0282,0.0433,0.005699999999999999,0.0424,0.0208,0.0458,0.0472,0.0294,1989-07-01
0.006,0.0083,0.0255,0.0305,0.0161,0.0366,0.018799999999999997,0.0187,0.0042,0.0239,1989-08-01
-0.0116,-0.0014000000000000002,0.001,0.0191,0.0045000000000000005,0.0098,-0.008100000000000001,0.028399999999999998,0.0029,0.0013,1989-09-01
-0.0655,-0.0741,-0.0599,-0.0319,-0.0408,-0.065,-0.0674,-0.0463,-0.0017000000000000001,-0.053399999999999996,1989-10-01
-0.0034999999999999996,-0.0317,-0.0128,0.0345,-0.0264,-3e-4,-0.0215,0.0070999999999999995,0.0296,-0.0129,1989-11-01
-0.016399999999999998,-0.011399999999999999,-0.009899999999999999,0.053899999999999997,-0.0146,0.0032,-0.0054,-0.0192,0.0438,-0.039,1989-12-01
-0.0592,-0.0611,-0.051,-0.0087,-0.0507,-0.10189999999999999,-0.0535,-0.0547,-0.0492,-0.0521,1990-01-01
0.0123,0.0015,0.0286,0.050300000000000004,0.0355,0.0096,0.026099999999999998,0.015700000000000002,0.011000000000000001,0.0092,1990-02-01
0.025699999999999997,0.0255,0.044800000000000006,0.0506,0.0426,0.011699999999999999,0.0438,0.0447,-0.0015,-0.0018,1990-03-01
-0.017,-0.028399999999999998,-0.0159,-0.0467,-0.0197,-0.029900000000000003,-0.0273,-0.0086,-0.04650000000000001,-0.0348,1990-04-01
0.0336,0.0206,0.0519,0.043,0.076,0.0874,0.0552,0.0816,0.038,0.022400000000000003,1990-05-01
0.005699999999999999,0.0053,-0.0039000000000000003,0.0058,0.011899999999999999,0.005600000000000001,0.0060999999999999995,0.0467,0.0032,-0.0079,1990-06-01
-0.0438,-0.0521,-0.021400000000000002,0.0414,-0.051699999999999996,-0.0646,-0.0416,-0.005,0.0040999999999999995,-0.0368,1990-07-01
-0.1168,-0.162,-0.1232,0.032799999999999996,-0.14400000000000002,-0.161,-0.1427,-0.1035,-0.0509,-0.1142,1990-08-01
-0.0859,-0.10980000000000001,-0.0767,0.0052,-0.0962,-0.086,-0.1059,-0.0827,0.0072,-0.08839999999999999,1990-09-01
-0.053099999999999994,-0.0742,-0.0636,-0.10490000000000001,-0.0455,-0.0762,-0.0738,-0.0405,0.023700000000000002,-0.0727,1990-10-01
0.0329,0.0296,0.0363,-0.013000000000000001,0.041100000000000005,0.0655,0.049100000000000005,0.0678,0.035699999999999996,0.035699999999999996,1990-11-01
0.013000000000000001,-0.0231,0.005,-0.0681,-0.0059,0.0282,-0.0069,0.035,0.0075,-0.0076,1990-12-01
0.08900000000000001,0.0806,0.0877,-0.014499999999999999,0.1595,0.0564,0.10460000000000001,0.13570000000000002,-0.004699999999999999,0.0731,1991-01-01
0.1043,0.1374,0.11689999999999999,0.10189999999999999,0.1404,0.133,0.1344,0.21350000000000002,0.0554,0.1505,1991-02-01
0.0596,0.09480000000000001,0.059500000000000004,0.0126,0.1173,0.0683,0.1011,0.15839999999999999,0.019299999999999998,0.0721,1991-03-01
0.0207,0.016399999999999998,0.0209,0.022799999999999997,0.051699999999999996,0.10039999999999999,0.027200000000000002,0.042300000000000004,0.0028000000000000004,0.0302,1991-04-01
0.0248,0.06559999999999999,0.039900000000000005,-0.0028000000000000004,0.0175,-0.0415,0.049699999999999994,0.061399999999999996,0.0202,0.0269,1991-05-01
-0.0287,-0.028999999999999998,-0.0338,-0.0436,-0.0579,-0.061200000000000004,-0.0181,-0.0434,-0.028399999999999998,-0.0298,1991-06-01
0.024300000000000002,0,0.0297,0.09050000000000001,0.0379,0.0152,0.0281,0.0779,0.0302,0.0296,1991-07-01
0.0387,0.0116,0.020499999999999997,0.0252,0.0431,0.0134,0.031200000000000002,0.06280000000000001,0.035,0.0255,1991-08-01
-0.009000000000000001,0.041100000000000005,-0.004699999999999999,-0.0068000000000000005,0.0161,0.0424,0.0059,0.0754,0.0275,-0.0077,1991-09-01
0.0192,0.029300000000000003,0.0265,0.011000000000000001,0.0304,0.065,0.0021,0.10529999999999999,0.0103,0.013300000000000001,1991-10-01
-0.0163,-0.021099999999999997,-0.0208,-0.0403,-0.0373,-0.051699999999999996,-0.0398,-0.0044,0.013999999999999999,-0.0262,1991-11-01
0.042800000000000005,0.0191,0.0408,-0.0613,0.0382,0.0222,0.037000000000000005,0.10890000000000001,0.034300000000000004,0.0366,1991-12-01
0.1213,0.1728,0.1335,0.0697,0.21170000000000003,0.06280000000000001,0.1307,0.24789999999999998,-0.0175,0.184,1992-01-01
0.061399999999999996,0.11019999999999999,0.0554,0.0263,0.084,0.0129,0.06480000000000001,-0.010700000000000001,-2e-4,0.0694,1992-02-01
-0.009899999999999999,-0.0078000000000000005,0.0083,-0.038900000000000004,-0.0194,-0.0172,0.0052,-0.0711,-0.0059,-0.0018,1992-03-01
-0.0327,-0.0318,-0.027000000000000003,-0.0014000000000000002,-0.054299999999999994,-0.0217,-0.0536,-0.11470000000000001,0.01,-0.0109,1992-04-01
-0.0108,-0.0106,0.0042,0.0348,-0.013500000000000002,-0.013999999999999999,-0.013000000000000001,-0.0129,0.0287,0.022799999999999997,1992-05-01
-0.0518,-0.0252,-0.043,-0.057,-0.0746,-0.0132,-0.0447,-0.0617,0.0024,-0.0218,1992-06-01
0.0177,0.004699999999999999,0.0089,0.050300000000000004,0.0138,0.026600000000000002,0.0285,0.0369,0.06849999999999999,0.037000000000000005,1992-07-01
-0.0255,-0.0352,-0.044199999999999996,0.0231,-0.0436,-0.0388,-0.0137,-0.0392,0.0139,-0.0223,1992-08-01
0.0111,-0.008199999999999999,0.0101,0.067,0.018500000000000003,0.0194,0.0245,-0.015,0.0088,0.015,1992-09-01
0.0076,0.03,0.0121,0.0015,0.0387,0.028999999999999998,0.0462,0.038599999999999995,-0.0033,0.0129,1992-10-01
0.0754,0.083,0.0739,-0.0066,0.1079,0.07719999999999999,0.0915,0.1235,0.005699999999999999,0.057300000000000004,1992-11-01
0.0146,0.0681,0.032400000000000005,0.0049,0.0493,0.0405,0.036699999999999997,0.0097,0.0256,0.0527,1992-12-01
0.0507,0.1023,0.0653,0.0741,0.0722,0.0708,0.059000000000000004,0.032,0.025099999999999997,0.0919,1993-01-01
-0.0116,-0.0161,0.0067,0.0718,-0.0279,0.0203,-0.036000000000000004,-0.128,0.0512,0.0075,1993-02-01
0.0325,0.04650000000000001,0.021099999999999997,0.08990000000000001,0.0088,0.0717,0.0317,-6e-4,0.0298,0.037599999999999995,1993-03-01
-0.0206,-0.0183,-0.0167,0.032,-0.0361,-0.02,-0.030899999999999997,-0.0409,0.0086,-0.0086,1993-04-01
0.039,0.056100000000000004,0.0384,0.0562,0.067,0.0787,0.0493,0.0636,0.0118,0.019,1993-05-01
-0.0054,0.0073,0.0143,0.0062,0.0199,0.11800000000000001,0.0060999999999999995,0,0.0278,0.0131,1993-06-01
-0.0022,0.0207,0.0128,0.0034000000000000002,0.005,0.0781,0.0055000000000000005,-0.0258,0.0178,0.031,1993-07-01
0.023799999999999998,0.0215,0.0516,0.0369,0.0591,0.1354,0.031200000000000002,0.019299999999999998,0.035699999999999996,0.036000000000000004,1993-08-01
0.0169,0.0226,0.0075,0.0158,0.0331,0.0788,0.0291,0.043899999999999995,0.0015,0.034300000000000004,1993-09-01
0.046,0.0398,0.0351,0.0104,0.0513,0.1207,0.0414,0.069,-0.013000000000000001,0.0334,1993-10-01
-0.0096,7.000000000000001e-4,-0.0074,-0.0956,-0.0115,-0.09269999999999999,-0.0111,-0.044500000000000005,-0.0545,-0.0271,1993-11-01
0.001,0.0417,0.0323,-0.0255,0.0129,-0.004699999999999999,0.005,-0.0076,0.0075,0.015,1993-12-01
0.014199999999999999,0.0472,0.0645,0.066,0.06,0.032799999999999996,0.0254,0.064,0.0015,0.0529,1994-01-01
-0.0034000000000000002,-0.012199999999999999,0.0116,0.011399999999999999,0.0060999999999999995,-0.025,-6e-4,-0.0288,-0.0329,-0.0141,1994-02-01
-0.0313,-0.0504,-0.0414,-0.0431,-0.0472,-0.060700000000000004,-0.0394,-0.0683,-0.0331,-0.035699999999999996,1994-03-01
-0.0067,-0.017,-0.0032,0.0168,-0.0208,-0.0265,-0.023399999999999997,-0.0449,0.018000000000000002,-0.0060999999999999995,1994-04-01
-0.0121,-0.0137,0.006,0.0124,-0.011399999999999999,5e-4,-0.0254,-0.0023,-0.0368,0.013600000000000001,1994-05-01
-0.0246,-0.0365,-0.0231,0.0207,-0.054400000000000004,-0.0204,-0.044199999999999996,-0.052199999999999996,-0.0207,-0.009000000000000001,1994-06-01
0.0104,0.0102,0.0305,0.009300000000000001,0.0229,0.0418,0.0072,-0.0044,0.0286,0.0101,1994-07-01
0.0464,0.0329,0.0409,-0.0028000000000000004,0.061900000000000004,0.041100000000000005,0.040999999999999995,0.0697,0.009399999999999999,0.0246,1994-08-01
3e-4,-0.005,0.006,0.0336,0.0315,0.027000000000000003,0.003,0.0111,-0.0213,-0.0023,1994-09-01
-0.0048,-0.0022,0.0019,0.0179,0.0496,-0.0187,-4e-4,-0.0151,4e-4,-0.0173,1994-10-01
-0.0407,-0.0463,-0.0482,-0.08460000000000001,-0.0241,-0.0587,-0.0462,-0.0264,-0.0159,-0.0524,1994-11-01
-0.0212,-0.024300000000000002,0.0029,-0.0277,0.0134,-0.018000000000000002,-0.0483,-0.0415,0.0070999999999999995,-0.005699999999999999,1994-12-01
0.0173,-0.0121,0.0126,-0.013300000000000001,0.0393,0.0325,0.0219,0.0727,0.039599999999999996,0.0407,1995-01-01
0.031200000000000002,0.026699999999999998,0.030699999999999998,0.023799999999999998,0.0473,0.034300000000000004,0.0178,0.0271,0.0258,0.0326,1995-02-01
-2e-4,-0.0128,0.013999999999999999,0.0368,0.0398,0.025099999999999997,0.0097,0.0319,-0.009300000000000001,0.015300000000000001,1995-03-01
0.0144,0.013600000000000001,0.0265,0.0168,0.0444,0.0139,0.0106,0.0213,0.0147,0.0227,1995-04-01
-0.0034000000000000002,0.0014000000000000002,0.022099999999999998,0.025,0.0286,-0.0029,-0.0033,0.0395,0.0362,0.0222,1995-05-01
0.0232,0.015,0.0412,-0.0042,0.1139,0.063,0.046900000000000004,0.0983,0.0058,0.0425,1995-06-01
0.045,0.0565,0.0553,0.0298,0.09970000000000001,0.07440000000000001,0.0441,0.0977,-0.004699999999999999,0.0492,1995-07-01
0.029300000000000003,-0.009300000000000001,0.0091,0.0337,0.0424,0.0521,0.0169,0.0788,0.021400000000000002,0.0447,1995-08-01
0.025699999999999997,0.0378,0.0096,0.0063,0.0449,0.015600000000000001,0.009300000000000001,0.056900000000000006,0.0458,0.0268,1995-09-01
-0.0516,-0.0553,-0.0584,-0.055999999999999994,-0.0562,-0.0576,-0.0705,-0.0637,0.0115,-0.0189,1995-10-01
-9e-4,0.0066,0.011899999999999999,0.0246,0.026099999999999998,0.0123,0.0092,0.0123,0.0252,0.02,1995-11-01
-0.0040999999999999995,-0.0177,-0.0018,0.049100000000000005,-0.0128,0.0102,-0.026600000000000002,0.0718,0.037599999999999995,0.013300000000000001,1995-12-01
0.0139,0.0286,0.0298,0.0273,0.0027,0.0012,0.013600000000000001,0.0968,0.016,0.0322,1996-01-01
0.0323,0.028900000000000002,0.029300000000000003,0.0325,0.069,0.0788,0.0403,0.0516,-0.0036,0.023399999999999997,1996-02-01
0.0275,0.0438,0.022099999999999998,0.0649,0.0044,0.0368,0.0637,0.0335,0.0059,0.0264,1996-03-01
0.0356,0.0625,0.061399999999999996,0.10619999999999999,0.1308,0.053,0.061900000000000004,0.0729,-0.0067,0.0269,1996-04-01
0.0679,0.1003,0.0546,0.059800000000000006,0.1153,0.0602,0.0889,0.0737,0.0118,0.0467,1996-05-01
-0.0281,-0.0263,-0.032400000000000005,0.0108,-0.0834,-0.0263,-0.0316,-0.065,0.0285,-0.0077,1996-06-01
-0.0885,-0.06269999999999999,-0.08,-0.040999999999999995,-0.14,-0.1107,-0.0895,-0.146,-0.0317,-0.053399999999999996,1996-07-01
0.0417,0.0432,0.0362,0.0453,0.047599999999999996,0.0602,0.0454,0.0541,0.041299999999999996,0.0451,1996-08-01
0.0176,0.0232,0.0288,0.054000000000000006,0.045899999999999996,0.021400000000000002,0.012199999999999999,0.0401,0.012199999999999999,0.0291,1996-09-01
-0.022099999999999998,-0.0032,-0.0127,0.0872,-0.0526,-0.078,-0.0431,-0.0728,0.0199,-0.004,1996-10-01
0.0165,0.0125,0.0394,0.069,0.026600000000000002,-0.0227,0.0187,0.0087,0.0275,0.0252,1996-11-01
-0.0246,0.0015,0.0113,-0.0011,-0.0225,-0.0496,-0.0239,0.010700000000000001,0.009300000000000001,0.0024,1996-12-01
0.0652,0.0405,0.0717,0.0726,0.08929999999999999,0.0616,0.039599999999999996,0.09369999999999999,0.0132,0.056799999999999996,1997-01-01
0.0106,-0.0018,-0.0167,-0.0901,-0.0654,-0.0412,-0.0108,-0.0138,-0.0066,0.0167,1997-02-01
-0.0407,-0.0323,-0.0352,0.0179,-0.0925,-0.0817,-0.043,-0.0981,-0.0263,-0.0327,1997-03-01
-0.0276,-0.0223,-0.0046,-0.0359,-0.0354,-0.0204,-0.0287,-0.067,-0.0086,-0.0045000000000000005,1997-04-01
0.0652,0.0707,0.10210000000000001,0.08689999999999999,0.1463,0.1242,0.0732,0.1026,0.038599999999999995,0.0634,1997-05-01
0.0325,0.048600000000000004,0.0464,0.0331,0.024300000000000002,0.091,0.0449,0.0275,0.03,0.0565,1997-06-01
0.034,0.0208,0.0678,0.0472,0.0703,0.0541,0.0336,0.0129,0.0264,0.060700000000000004,1997-07-01
0.0146,0.0285,0.0373,0.078,0.0731,0.0434,0.0271,0.0273,0.0037,0.0165,1997-08-01
0.0753,0.0696,0.0676,0.1263,0.0926,0.0962,0.0815,0.1142,0.0452,0.08689999999999999,1997-09-01
-0.0382,-0.0104,-0.0335,0.0085,-0.0559,-0.0033,-0.0166,-0.0229,0.0116,-0.001,1997-10-01
-0.0111,-0.0177,-0.0187,-0.0966,-0.0482,-0.011899999999999999,-0.011899999999999999,-0.0489,0.0558,-0.001,1997-11-01
-0.0401,-0.0449,-0.0443,-0.0501,-0.08130000000000001,-0.0129,-0.0559,-0.0675,0.08529999999999999,0.022099999999999998,1997-12-01
-0.0036,0.02,0.015700000000000002,-0.0616,0.033,0.046799999999999994,0.015,0.022099999999999998,-0.0409,0.009399999999999999,1998-01-01
0.07730000000000001,0.08109999999999999,0.06559999999999999,0.0269,0.0787,0.09369999999999999,0.065,0.0489,0.0202,0.0565,1998-02-01
0.0278,0.0616,0.0382,0.0347,0.0461,0.0722,0.0637,0.0378,0.0484,0.0562,1998-03-01
0.023700000000000002,0.04190000000000001,0.0192,0.0151,0.0463,0.018000000000000002,0.036699999999999997,-0.0051,-0.0163,0.0313,1998-04-01
-0.028399999999999998,-0.0146,-0.0447,-0.0762,-0.0809,-0.0596,-0.028999999999999998,-0.04190000000000001,-0.0127,-0.0358,1998-05-01
-0.0304,-0.0297,-0.0507,-0.06509999999999999,-0.0286,0.0197,-0.0118,-0.0629,0.0273,-0.015300000000000001,1998-06-01
-0.051399999999999994,-0.0707,-0.0703,-0.1425,-0.07690000000000001,0.0138,-0.0507,-0.0552,-0.044800000000000006,-0.0408,1998-07-01
-0.1689,-0.1912,-0.1882,-0.22820000000000001,-0.2375,-0.2418,-0.213,-0.2468,-0.011699999999999999,-0.1873,1998-08-01
-0.0051,0.0373,0.0028000000000000004,0.1328,0.0591,0.052199999999999996,6e-4,0.07690000000000001,0.0827,0.0358,1998-09-01
0.0207,0.046,0.049800000000000004,0.0083,0.0678,0.04019999999999999,0.047,0.0493,0.0074,0.0111,1998-10-01
0.064,0.0729,0.0484,-0.1142,0.1726,0.10640000000000001,0.1494,0.07139999999999999,0.0175,0.045,1998-11-01
0.0527,0.022400000000000003,-0.0089,-0.1025,0.0537,0.0662,0.0453,0.0204,0.0254,0.0176,1998-12-01
0.035,0.0436,0.0478,-0.0078000000000000005,0.1534,0.18100000000000002,0.0625,0.0876,-0.0554,0.0455,1999-01-01
-0.0269,-0.0418,-0.0521,-0.10300000000000001,-0.0709,-0.0632,-0.0484,-0.0726,-0.036699999999999997,-0.0255,1999-02-01
-0.053399999999999996,-0.037200000000000004,-0.0368,0.20929999999999999,-0.0046,0.0699,-0.0182,-0.0189,-0.0103,-0.02,1999-03-01
0.0617,0.1255,0.1317,0.1448,0.09050000000000001,0.21109999999999998,0.0793,0.0319,0.059800000000000006,0.0728,1999-04-01
0.0406,0.0661,0.027200000000000002,0.0018,0.0697,0.0273,0.0242,0.0596,0.0694,0.0148,1999-05-01
0.0168,0.042199999999999994,0.0394,0.036000000000000004,0.07339999999999999,0.0701,0.030600000000000002,0.0371,0.0096,0.0227,1999-06-01
-0.0143,-0.0019,0.0046,0.0398,0.0187,0.0203,-0.0104,0.0397,0.023,7.000000000000001e-4,1999-07-01
-0.06,-0.0647,-0.0421,0.0209,-0.0085,-0.023799999999999998,-0.0742,-0.016200000000000003,0.006999999999999999,-0.043,1999-08-01
-0.0276,-0.056600000000000004,-0.0375,-0.0012,0.0192,0.016200000000000003,-0.0276,-0.0129,-0.0259,-0.029300000000000003,1999-09-01
-0.0092,-0.0304,-0.0346,-0.0692,0.0454,0.08800000000000001,-0.0313,-0.026600000000000002,0.0207,-5e-4,1999-10-01
-5e-4,0.0369,0.029300000000000003,-0.0174,0.2894,0.1459,0.0696,0.1315,-0.0248,0.027200000000000002,1999-11-01
0.0039000000000000003,0.0311,0.044800000000000006,0.0053,0.2535,0.19260000000000002,0.0232,0.1591,-0.017,0.0166,1999-12-01
0.0158,0.039900000000000005,0.030899999999999997,0.08130000000000001,0.1231,0.043899999999999995,0.0066,0.2375,0.0259,-0.0088,2000-01-01
0.0373,0.0643,0.051,0.0429,0.3446,0.2152,0.0209,0.4279,-0.0437,0.0108,2000-02-01
0.04650000000000001,0.0649,0.0398,0.1681,-0.0345,-0.032799999999999996,0.0345,-0.09,0.06,0.0189,2000-03-01
-0.044000000000000004,-0.066,-0.0279,-0.0383,-0.2027,-0.1729,-0.0554,-0.1362,0.0555,-0.0379,2000-04-01
-0.013999999999999999,-0.0812,-0.0452,0.1634,-0.1427,-0.1361,-0.059699999999999996,-0.0731,0.023,-0.0232,2000-05-01
0.024300000000000002,0.026699999999999998,0.033,0.0331,0.1728,0.10490000000000001,0.0192,0.1918,-0.0302,0.0241,2000-06-01
0.0045000000000000005,-0.013600000000000001,-0.0067,-0.0645,-0.0821,-0.0966,-0.0262,-0.023,0.0525,0.0178,2000-07-01
0.0232,0.056900000000000006,0.0401,0.16329999999999997,0.1003,-0.0027,0.0279,0.1233,0.0692,0.0412,2000-08-01
-0.0051,-0.0634,-0.0521,0.0479,-0.1084,-0.159,-0.055,-0.0012,0.0683,-0.01,2000-09-01
-0.0454,-0.050199999999999995,-0.03,-0.0713,-0.13140000000000002,-0.1139,-0.0572,-0.0801,-0.010700000000000001,-0.0351,2000-10-01
-0.0683,-0.12240000000000001,-0.0849,-0.045700000000000005,-0.2667,-0.27399999999999997,-0.1005,-0.1362,0.0381,-0.0564,2000-11-01
-0.0069,-0.0191,0.0151,0.2482,-0.0949,-0.0567,-0.037000000000000005,-0.0365,0.0824,0.0276,2000-12-01
0.18739999999999998,0.2079,0.1646,0.0046,0.46590000000000004,0.5312,0.2761,0.2189,-0.07139999999999999,0.1534,2001-01-01
-0.0079,-0.019799999999999998,-0.028999999999999998,0.0141,-0.21780000000000002,-0.20010000000000003,-0.0288,-0.0901,0.0294,-0.020099999999999996,2001-02-01
-0.0268,-0.057999999999999996,-0.0492,0.0059,-0.1642,-0.16140000000000002,-0.039599999999999996,-0.09380000000000001,0.0239,-0.0268,2001-03-01
0.0331,0.08789999999999999,0.058600000000000006,0.07429999999999999,0.1423,0.0305,0.0567,0.1281,0.0391,0.0434,2001-04-01
0.0716,0.08199999999999999,0.0605,0.044800000000000006,0.0424,-0.0018,0.0839,0.1363,0.011399999999999999,0.0706,2001-05-01
0.0042,0.026699999999999998,-0.0073,-0.1297,-0.0015,7.000000000000001e-4,0.032,0.0716,-0.0189,0.0288,2001-06-01
0.0034000000000000002,-0.0223,-0.023399999999999997,-0.0394,-0.0975,-0.1072,-0.004,-0.0265,-0.0325,0.011699999999999999,2001-07-01
-0.0067,-0.0384,-0.0333,-0.059000000000000004,-0.09949999999999999,-0.11960000000000001,-0.0013,-0.0282,0.0078000000000000005,-0.0131,2001-08-01
-0.11599999999999999,-0.1775,-0.1378,-0.1366,-0.18969999999999998,-0.2005,-0.12539999999999998,-0.11810000000000001,-0.0458,-0.094,2001-09-01
0.0403,0.0493,0.0353,0.1176,0.20670000000000002,0.0605,0.0431,0.12,0.0011,0.0189,2001-10-01
0.049800000000000004,0.09179999999999999,0.0611,-0.0504,0.1534,0.1528,0.08839999999999999,0.0707,0.0066,0.0547,2001-11-01
0.0418,0.0669,0.0479,0.0616,0.0872,0.0725,0.0666,0.0646,0.042199999999999994,0.0567,2001-12-01
0.021400000000000002,0.0536,0.023799999999999998,-0.049,0.0351,-0.11800000000000001,0.056600000000000004,-0.0354,-0.025099999999999997,0.03,2002-01-01
0.0148,0.0029,0.0028000000000000004,0.0155,-0.11779999999999999,-0.1267,-0.019299999999999998,-0.07769999999999999,0.002,-0.0013,2002-02-01
0.0818,0.0694,0.0977,0.1457,0.10289999999999999,0.0558,0.08560000000000001,0.06509999999999999,0.0764,0.0632,2002-03-01
0.0521,0.056900000000000006,0.0161,0.0111,-0.064,-0.0722,0.0489,-0.0626,0.011399999999999999,0.0366,2002-04-01
0.013999999999999999,-0.0222,-0.0258,-0.0554,-0.0691,-0.0729,0.0155,-0.041299999999999996,-0.0374,0.001,2002-05-01
-0.042800000000000005,-0.0484,-0.0525,-0.057699999999999994,-0.13470000000000001,-0.1746,-0.049100000000000005,-0.1008,-0.0394,-0.027000000000000003,2002-06-01
-0.09960000000000001,-0.1253,-0.1188,-0.1479,-0.1536,-0.12369999999999999,-0.146,-0.11130000000000001,-0.1121,-0.0922,2002-07-01
0.0015,0.0032,-0.012199999999999999,0.045700000000000005,0.0055000000000000005,0.0168,-0.0168,-0.0067,0.0332,0.0086,2002-08-01
-0.07919999999999999,-0.0799,-0.0941,-0.039599999999999996,-0.1432,-0.11199999999999999,-0.0784,-0.0862,-0.0702,-0.0562,2002-09-01
0.0392,0.0089,0.0278,0.0146,0.1265,0.0934,0.0039000000000000003,0.0446,0,0.0175,2002-10-01
0.08439999999999999,0.09029999999999999,0.0993,0.0277,0.2699,0.2724,0.09949999999999999,0.11380000000000001,0.0274,0.069,2002-11-01
-0.0184,-0.046900000000000004,-0.049800000000000004,0.0206,-0.1139,-0.0718,-0.0582,-0.0704,0.0229,-0.013300000000000001,2002-12-01
-0.020499999999999997,-0.0178,-0.015700000000000002,0.02,0.019299999999999998,-0.0022,-0.0264,0.0165,-0.0231,0.0064,2003-01-01
-0.028399999999999998,-0.045599999999999995,-0.037200000000000004,0.0403,-0.030899999999999997,-0.055099999999999996,-0.044800000000000006,-0.0262,-0.0405,-0.015300000000000001,2003-02-01
0.0038,-0.041299999999999996,-0.0106,-0.0088,0.0101,0.010700000000000001,0.0068000000000000005,0.0475,0.0358,0.019299999999999998,2003-03-01
0.08220000000000001,0.1011,0.08220000000000001,0.0088,0.1263,0.1508,0.1012,0.15310000000000001,0.08869999999999999,0.08470000000000001,2003-04-01
0.0698,0.0547,0.09949999999999999,0.2061,0.2341,0.18469999999999998,0.10289999999999999,0.2361,0.1056,0.08800000000000001,2003-05-01
0.032799999999999996,0.0397,0.028900000000000002,0.0608,0.0562,0.0891,0.0746,0.0897,-0.0084,0.0418,2003-06-01
0.038,0.0819,0.0658,-0.0426,0.12369999999999999,0.08070000000000001,0.08439999999999999,0.0665,-0.0204,0.0623,2003-07-01
0.042,0.0536,0.0658,0.0717,0.07769999999999999,0.018000000000000002,0.0654,0.0462,0.0109,0.0285,2003-08-01
0.0216,0.0052,-0.0021,5e-4,0.0404,-0.005,-0.0016,0.0721,0.0264,0.0176,2003-09-01
0.061399999999999996,0.098,0.09230000000000001,0.0587,0.12689999999999999,0.061,0.10060000000000001,0.051,0.030699999999999998,0.07440000000000001,2003-10-01
0.028999999999999998,0.0158,0.040999999999999995,0.0271,0.0493,0.055099999999999996,0.035,0.027000000000000003,0.0233,0.0383,2003-11-01
0.0276,0.047,0.0701,0.175,0.0048,0.0381,0.019799999999999998,0.0408,0.041299999999999996,0.0316,2003-12-01
0.0403,0.0285,0.0524,0.0546,0.12380000000000001,0.0852,0.0554,0.1199,0.0216,0.043,2004-01-01
0.0431,-0.006999999999999999,0.0154,0.044500000000000005,-0.0258,-0.022400000000000003,0.0388,0.0040999999999999995,0.022799999999999997,0.022099999999999998,2004-02-01
0,-0.0067,0.0046,0.0332,-0.017,-0.0388,0.015,0.0046,0.0091,0.0115,2004-03-01
-6e-4,-0.010700000000000001,-0.0128,0.0323,-0.0718,-0.0564,-0.018600000000000002,-0.010700000000000001,-0.03,-0.0329,2004-04-01
0.0060999999999999995,-0.0227,0.0092,-0.0084,0.0218,-0.0206,-0.0089,-0.04,0.0026,0.0034000000000000002,2004-05-01
0.0271,0.0379,0.0646,0.0774,0.0134,-0.0179,0.0346,-0.0016,0.0274,0.0259,2004-06-01
-0.0487,-0.0547,-0.0471,0.0064,-0.1346,-0.08310000000000001,-0.0547,-0.09849999999999999,-0.008100000000000001,-0.0301,2004-07-01
-0.0203,-0.042300000000000004,-0.0121,-0.051100000000000007,-0.0305,-0.0227,-0.028900000000000002,0.0018,0.0302,0.0013,2004-08-01
0.0189,0.005600000000000001,0.04769999999999999,0.1273,0.0458,0.0174,0.042,0.0417,0.015600000000000001,0.0359,2004-09-01
0.0175,-0.004,0.001,0.022400000000000003,0.0362,0.0329,0.0231,-0.0109,0.0245,0.0239,2004-10-01
0.0674,0.0894,0.12,0.0981,0.0968,0.12279999999999999,0.0968,0.0832,0.053899999999999997,0.0681,2004-11-01
0.0677,0.0535,0.055099999999999996,-0.0074,0.08710000000000001,0.08689999999999999,0.052199999999999996,0.0739,0.021,0.047599999999999996,2004-12-01
-0.0053,-0.060599999999999994,-0.031,0.0332,-0.07730000000000001,-0.054400000000000004,-0.0197,-0.0391,0.0036,-0.0215,2005-01-01
0.0078000000000000005,-0.0066,0.0308,0.1643,6e-4,-0.0129,0.0143,-0.0197,0.020499999999999997,0.0078000000000000005,2005-02-01
-0.0158,-0.0694,-0.0113,-0.0014000000000000002,-0.0455,-0.0408,0.0055000000000000005,-0.0728,-0.0019,-0.022000000000000002,2005-03-01
-0.0275,-0.1008,-0.0764,-0.0741,-0.08109999999999999,-0.0755,-0.0602,-0.035,0.001,-0.0433,2005-04-01
0.042699999999999995,0.0601,0.041299999999999996,0.0557,0.0689,0.026099999999999998,0.0626,0.049100000000000005,0.0441,0.0392,2005-05-01
0.040999999999999995,0.0513,0.0269,0.1343,0.0204,0.035,0.039599999999999996,0.0323,0.043899999999999995,0.0298,2005-06-01
0.04190000000000001,0.0533,0.0851,0.11109999999999999,0.0733,0.031200000000000002,0.0695,0.08789999999999999,0.036699999999999997,0.048799999999999996,2005-07-01
-0.0288,-0.0264,-0.009300000000000001,0.0698,-0.01,-0.016399999999999998,-0.0359,-0.0092,0.0048,-0.011000000000000001,2005-08-01
-0.0155,-0.0194,0.0028000000000000004,0.1167,0.013000000000000001,-0.009399999999999999,-0.0241,0.0038,0.028900000000000002,0.0058,2005-09-01
-0.04190000000000001,-0.0545,-0.0443,-0.1009,-0.0313,-0.0599,-0.0217,-0.045700000000000005,-0.0633,-0.0106,2005-10-01
0.0207,0.0265,0.0444,0.0127,0.051500000000000004,0.0241,0.0501,0.0233,0.0053,0.0348,2005-11-01
-0.008199999999999999,2e-4,0.0209,0.034300000000000004,0.013500000000000002,-0.002,0.0084,5e-4,-5e-4,0.0051,2005-12-01
0.0518,0.0489,0.11460000000000001,0.1783,0.0947,0.0393,0.0678,0.1121,0.0391,0.0467,2006-01-01
0.0178,2e-4,0.0029,-0.1165,0.009000000000000001,0.011899999999999999,0.0126,0.0222,0.009000000000000001,0.0068000000000000005,2006-02-01
0.0333,0.044000000000000004,0.0622,0.0645,0.0526,0.056299999999999996,0.0444,0.0264,-0.0146,0.0355,2006-03-01
0.011200000000000002,0.0218,0.0405,0.0564,0.0023,0.0023,0.0088,-0.0379,0.0118,0.0060999999999999995,2006-04-01
-0.028399999999999998,-0.0212,-0.054900000000000004,-0.0611,-0.08220000000000001,-0.0412,-0.0472,-0.0735,-0.0051,-0.0208,2006-05-01
-5e-4,-0.0033,-0.011899999999999999,0.0329,-0.028900000000000002,-0.024900000000000002,-0.009000000000000001,-0.020099999999999996,0.020099999999999996,0.0042,2006-06-01
-0.0279,-0.0652,-0.0441,-0.0029,-0.0536,-0.0317,-0.0375,-0.0467,0.055999999999999994,-0.0233,2006-07-01
0.0212,-0.0026,0.014499999999999999,-0.037000000000000005,0.0436,0.0352,0.0109,0.0374,0.02,0.0124,2006-08-01
0.0139,0.022000000000000002,0.0028000000000000004,-0.0894,0.011899999999999999,0.0281,0.04650000000000001,-0.0042,-0.0204,0.0166,2006-09-01
0.0537,0.054000000000000006,0.0655,0.0576,0.0418,0.0596,0.053899999999999997,0.0638,0.0525,0.0378,2006-10-01
0.0179,0.0434,0.0384,0.0758,0.0262,0.0084,0.0037,0.0269,0.029500000000000002,0.0231,2006-11-01
0.0277,0.034,0.0088,-0.0499,0.0111,0.034300000000000004,0.013500000000000002,0.0154,0.0063,0.018500000000000003,2006-12-01
0.0364,0.0373,0.0288,-0.0134,0.023799999999999998,0.0545,0.029900000000000003,0.0454,0.003,0.0126,2007-01-01
0.0034999999999999996,0.0046,0.0213,-0.0088,0.0062,-0.0104,0.0042,9e-4,0.0255,-0.008199999999999999,2007-02-01
0.0147,-0.0118,0.0105,0.038599999999999995,0.0060999999999999995,-0.0063,0.0154,0.001,0.0424,-0.0102,2007-03-01
0.0098,0.0319,0.0429,0.0637,0.0227,0.0252,0.0222,0.0504,0.023799999999999998,0.0053,2007-04-01
0.0232,0.046799999999999994,0.0452,0.0516,0.0242,0.0524,0.0155,-0.0012,0.0068000000000000005,0.0241,2007-05-01
0.006,-0.0121,0.0169,3e-4,0.0147,-0.0031,-0.0128,-0.0362,-0.035699999999999996,-0.0167,2007-06-01
-0.0592,-0.055,-0.0279,-0.0716,-0.0318,-0.04190000000000001,-0.06,-0.0499,-0.039599999999999996,-0.0692,2007-07-01
-0.0236,-0.0308,-0.0195,-0.0353,-0.0167,-0.0233,-0.0217,-9e-4,0.024,-6e-4,2007-08-01
-2e-4,0.0105,0.024900000000000002,0.055999999999999994,0.0325,-0.006500000000000001,-0.0101,0.0296,0.0216,0.0031,2007-09-01
-0.0131,-0.0053,0.013000000000000001,0.053899999999999997,0.0329,0.0016,-4e-4,0.0282,0.0528,-0.0138,2007-10-01
-0.0861,-0.1039,-0.08449999999999999,-0.0949,-0.09789999999999999,-0.10890000000000001,-0.0895,-0.0816,-0.0126,-0.0742,2007-11-01
-0.0058,-0.0163,0.0063,0.054299999999999994,0,-0.0291,-0.0429,-0.0264,0.0059,-0.0297,2007-12-01
-0.052000000000000005,-0.0582,-0.077,-0.052300000000000006,-0.1003,-0.0944,-0.039,-0.0519,-0.060700000000000004,-0.0101,2008-01-01
-0.009899999999999999,-0.048799999999999996,-0.0022,0.0727,-0.029900000000000003,-0.0669,-0.0529,-0.0163,-0.0364,-0.0447,2008-02-01
-0.014499999999999999,-0.0346,-0.021400000000000002,-0.0225,-0.0313,-0.0129,-0.011200000000000002,-0.056600000000000004,0.0017000000000000001,-0.021400000000000002,2008-03-01
0.0131,0.0062,0.045700000000000005,0.10339999999999999,0.0333,0.0034999999999999996,0.028999999999999998,0.0225,0.057699999999999994,0.0022,2008-04-01
0.0232,0.027200000000000002,0.0617,0.18989999999999999,0.0542,0.039,0.0202,0.0359,0.0417,-0.0028000000000000004,2008-05-01
-0.1157,-0.1482,-0.0959,0.11960000000000001,-0.0843,-0.1117,-0.1131,-0.0695,-0.0291,-0.1322,2008-06-01
0.0106,-0.011200000000000002,0.008199999999999999,-0.18109999999999998,-0.008,-0.0404,0.0129,0.0643,-0.0202,0.028999999999999998,2008-07-01
0.0326,-4e-4,0.02,-0.0147,0.020499999999999997,0.031200000000000002,0.053899999999999997,-5e-4,0.018500000000000003,0.032799999999999996,2008-08-01
-0.065,-0.1182,-0.1593,-0.22920000000000001,-0.14400000000000002,-0.1568,-0.0946,-0.1307,-0.08130000000000001,-0.0599,2008-09-01
-0.2133,-0.31629999999999997,-0.25379999999999997,-0.3249,-0.2243,-0.2668,-0.23989999999999997,-0.18989999999999999,-0.10289999999999999,-0.1813,2008-10-01
-0.16449999999999998,-0.165,-0.15439999999999998,-0.1941,-0.1429,-0.1325,-0.1864,-0.1388,-0.0072,-0.1242,2008-11-01
0.0356,-0.031200000000000002,0.0227,-0.08070000000000001,0.0333,0.0541,0.08259999999999999,0.0713,-0.0011,0.018000000000000002,2008-12-01
-0.0788,-0.0613,-0.0818,-0.0189,0.0054,-0.0458,-0.0472,0.062400000000000004,-0.0124,-0.0922,2009-01-01
-0.1016,-0.1729,-0.1634,-0.1973,-0.0859,-0.09449999999999999,-0.0723,-0.1177,-0.1283,-0.1211,2009-02-01
0.0926,0.1956,0.1032,0.0862,0.1246,0.12990000000000002,0.18059999999999998,0.1358,0.0327,0.1278,2009-03-01
0.2779,0.3875,0.2777,0.2433,0.2041,0.2468,0.3496,0.13849999999999998,0.0392,0.18489999999999998,2009-04-01
0.12710000000000002,0.0438,0.0698,0.2874,0.0843,0.1059,0.07150000000000001,0.184,0.0321,0.0662,2009-05-01
-0.0134,0.0837,0.0207,-0.08039999999999999,0.07730000000000001,0.019799999999999998,0.047,0.1073,0.06,0.002,2009-06-01
0.14800000000000002,0.1971,0.1261,0.065,0.087,0.0748,0.0959,0.0909,0.0509,0.06280000000000001,2009-07-01
0.0883,0.109,0.08220000000000001,0.0369,0.0601,0.1967,0.0643,0.0562,0.0098,0.0601,2009-08-01
0.0652,0.0839,0.0934,0.17559999999999998,0.1072,0.1193,0.0581,0.0839,0.027000000000000003,0.0245,2009-09-01
-0.023399999999999997,-0.04190000000000001,-0.06,-0.0529,-0.0666,-0.037000000000000005,-0.0421,-0.10529999999999999,-0.0241,-0.0725,2009-10-01
0.0128,0.0584,0.053,-0.0124,0.028900000000000002,0.0449,0.013600000000000001,0.032,0.0387,-0.0038,2009-11-01
0.0695,0.085,0.084,0.09029999999999999,0.0861,0.10300000000000001,0.056900000000000006,0.0814,0.0632,0.037000000000000005,2009-12-01
0.0014000000000000002,-0.01,-0.0229,-0.0246,-0.03,-0.0404,-0.011699999999999999,-2e-4,-0.0406,0.0213,2010-01-01
0.0592,0.05,0.0475,0.0546,0.052199999999999996,0.0332,0.0584,0.0216,0.005600000000000001,0.0258,2010-02-01
0.09849999999999999,0.0852,0.08839999999999999,0.0351,0.08070000000000001,0.1112,0.1047,0.0809,0.0451,0.0708,2010-03-01
0.0556,0.1027,0.0876,0.0943,0.0518,0.1082,0.0757,0.0696,0.0364,0.0929,2010-04-01
-0.0643,-0.0971,-0.0866,-0.1284,-0.0693,-0.07440000000000001,-0.0718,-0.09,-0.0613,-0.0827,2010-05-01
-0.060899999999999996,-0.1155,-0.0843,-0.0608,-0.0604,-0.0683,-0.1017,-0.077,-0.0083,-0.0885,2010-06-01
0.057,0.0834,0.087,0.0755,0.0653,0.07440000000000001,0.0603,0.030299999999999997,0.0591,0.0441,2010-07-01
-0.0796,-0.06849999999999999,-0.07519999999999999,-0.0702,-0.057800000000000004,-0.0876,-0.0814,-0.0554,-0.0126,-0.0739,2010-08-01
0.0901,0.1266,0.11599999999999999,0.1261,0.1391,0.11539999999999999,0.1411,0.1124,0.0501,0.0803,2010-09-01
0.0213,0.0783,0.0737,0.046900000000000004,0.0603,0.0574,0.0387,0.0285,0.025699999999999997,0.027200000000000002,2010-10-01
0.0318,0.0294,0.0369,0.1048,0.015700000000000002,0.0194,0.0408,-2e-4,-0.002,0.012,2010-11-01
0.0579,0.0659,0.0924,0.11380000000000001,0.0825,0.0646,0.055099999999999996,0.10490000000000001,0.037000000000000005,0.0901,2010-12-01
-0.0086,0.0075,0.024,0.0833,0.034300000000000004,0.0152,-0.006999999999999999,0.0126,0.0175,0.018799999999999997,2011-01-01
0.0353,-0.015700000000000002,0.0382,0.1139,0.0506,0.08380000000000001,0.0596,0.0346,0.0363,0.0292,2011-02-01
0.0138,0.021,0.0311,0.04650000000000001,0.0104,-0.0026,0.0079,0.0277,0.0225,-0.0048,2011-03-01
0.022400000000000003,0.0229,0.0021,-0.0039000000000000003,0.013999999999999999,0.0177,0.0236,0.050199999999999995,0.0317,0.0023,2011-04-01
-0.0086,-0.0437,-0.0296,-0.07139999999999999,-0.022799999999999997,0.0158,-0.002,-0.0018,0.0033,-0.027200000000000002,2011-05-01
-0.0168,-0.0194,-0.0216,-0.0513,-0.0297,-0.0235,-0.0125,-0.0412,-0.0037,-0.0217,2011-06-01
-0.0055000000000000005,-0.051699999999999996,-0.024900000000000002,0.0285,-0.044800000000000006,-0.0703,-0.0177,-0.0315,-0.0103,-0.019799999999999998,2011-07-01
-0.08410000000000001,-0.12210000000000001,-0.09720000000000001,-0.16210000000000002,-0.1003,-0.1009,-0.0839,-0.1137,0.0017000000000000001,-0.0821,2011-08-01
-0.0843,-0.1432,-0.1445,-0.2061,-0.10949999999999999,-0.1235,-0.0833,-0.09359999999999999,-0.0317,-0.0984,2011-09-01
0.0933,0.16879999999999998,0.1582,0.23079999999999998,0.1188,0.11900000000000001,0.1253,0.09880000000000001,0.07,0.1061,2011-10-01
-0.0394,-0.060899999999999996,-7.000000000000001e-4,0.0019,-0.0392,-0.0118,-0.0074,-0.0292,0.0125,-0.0095,2011-11-01
0.01,-4e-4,-0.015300000000000001,-0.0187,-0.009399999999999999,0.0023,0.0073,-0.0087,0.0226,0.0124,2011-12-01
0.08199999999999999,0.1114,0.1198,0.0462,0.1061,0.0675,0.0613,0.1159,-0.020499999999999997,0.0857,2012-01-01
0.052300000000000006,0.0512,0.0327,0.060700000000000004,0.0375,0.0492,0.0504,0.0406,0.0124,0.0371,2012-02-01
0.030600000000000002,0.044500000000000005,0.0085,-0.0369,0.0248,0.0358,0.0406,0.042199999999999994,0.0033,0.049,2012-03-01
-0.004,-0.038599999999999995,-0.0113,-0.0361,-0.0274,-0.0441,0.0033,-0.015700000000000002,0.0144,-0.0066,2012-04-01
-0.033,-0.0882,-0.1063,-0.1635,-0.0836,-0.08,-0.0562,-0.0562,-0.016,-0.0518,2012-05-01
0.0365,-0.016200000000000003,0.0268,0.0351,0.0353,0.057999999999999996,0.0227,0.0732,0.0416,0.038,2012-06-01
-0.005600000000000001,-0.0235,-0.008,-0.025,-0.0262,0.0151,-0.0064,0.009300000000000001,0.030899999999999997,-0.0149,2012-07-01
0.048799999999999996,0.024700000000000003,0.0298,0.0206,0.036000000000000004,0.0166,0.0232,0.022400000000000003,-0.016,0.0253,2012-08-01
0.0183,0.0735,0.028300000000000002,0.0629,0.0225,0.068,0.028399999999999998,0.0635,0.0276,0.0398,2012-09-01
7.000000000000001e-4,-0.020099999999999996,-0.0032,-0.049800000000000004,-0.053099999999999994,-0.0029,-0.0159,-0.0519,0.0042,0.0034999999999999996,2012-10-01
0.0301,0.005600000000000001,0.022799999999999997,-0.0332,0.0025,-0.0336,0.0203,0.0063,-0.0256,-0.0013,2012-11-01
0.0095,0.0558,0.0387,0.0158,0.0316,0.0199,0.013500000000000002,-0.0070999999999999995,0.0063,0.0355,2012-12-01
0.061799999999999994,0.09210000000000002,0.0748,0.0662,0.0645,0.08529999999999999,0.061399999999999996,0.091,0.051100000000000007,0.07690000000000001,2013-01-01
0.011200000000000002,0.0106,0.0095,-0.0173,0.013999999999999999,-0.0149,0.009000000000000001,-0.0034000000000000002,0.022000000000000002,0.020099999999999996,2013-02-01
0.0565,0.0637,0.0346,0.0148,0.0373,0.071,0.051100000000000007,0.051500000000000004,0.0525,0.0438,2013-03-01
0.0202,0.006,-0.0111,-0.0446,-0.0083,0.059800000000000006,0.0166,0.0102,0.0436,-0.0095,2013-04-01
0.045700000000000005,0.0626,0.0547,0.0545,0.056900000000000006,0.049100000000000005,0.058600000000000006,0.0444,-0.0475,0.048,2013-05-01
0.018500000000000003,-0.0037,-0.0143,-0.038,0.0063,0.040999999999999995,6e-4,-0.0127,0.0014000000000000002,0.0019,2013-06-01
0.0535,0.0679,0.0707,0.0711,0.0784,0.0902,0.0622,0.1074,0.0592,0.0693,2013-07-01
-0.0218,-0.017,-0.008199999999999999,-0.0151,-0.0111,-0.0319,-0.039,-0.0191,-0.0553,-0.025,2013-08-01
0.0403,0.0837,0.0667,0.0467,0.0613,0.0723,0.0538,0.0915,0.0256,0.043899999999999995,2013-09-01
0.037200000000000004,0.0356,0.0433,0.057999999999999996,0.0223,0.030299999999999997,0.0264,-0.018799999999999997,0.0353,0.0308,2013-10-01
0.0337,0.0285,0.042199999999999994,-0.021,0.0449,0.038599999999999995,0.0371,0.0827,-0.004699999999999999,0.042699999999999995,2013-11-01
0.022099999999999998,0.0277,0.0406,0.0163,0.0369,0.053899999999999997,0.0116,0.0409,0.0166,0.0203,2013-12-01
-0.035699999999999996,-0.0143,-0.018000000000000002,-0.021400000000000002,0.0178,-0.0031,-0.0602,0.0909,0.0129,-0.0147,2014-01-01
0.0567,0.0499,0.0553,0.059800000000000006,0.0462,0.032799999999999996,0.045,0.059800000000000006,0.0347,0.035699999999999996,2014-02-01
0.0327,0.0095,0.0137,0.0189,-0.0132,-0.005,0.0024,-0.0398,0.024900000000000002,0.0109,2014-03-01
-0.0276,-0.045599999999999995,-0.0282,0.0482,-0.0658,-0.047400000000000005,-0.0287,-0.0785,0.0194,-0.0262,2014-04-01
0.0132,0.0126,-0.0046,-0.0143,-7.000000000000001e-4,0.0248,-0.0075,0.009399999999999999,0.006999999999999999,0.0019,2014-05-01
0.0215,0.0271,0.0378,0.08,0.058499999999999996,0.0161,0.023700000000000002,0.0726,0.0516,0.0351,2014-06-01
-0.042300000000000004,-0.0381,-0.049800000000000004,-0.075,-0.0518,-0.0291,-0.049100000000000005,-0.0696,-0.0644,-0.034300000000000004,2014-07-01
0.0516,0.10640000000000001,0.0487,0.0203,0.039,-0.0060999999999999995,0.047400000000000005,0.047,0.056299999999999996,0.0339,2014-08-01
-0.0287,-0.0725,-0.0674,-0.1284,-0.043,-0.053200000000000004,-0.039900000000000005,-0.049699999999999994,-0.0475,-0.0341,2014-09-01
0.036000000000000004,0.0601,0.0256,-0.14150000000000001,0.016,0.0378,0.032799999999999996,0.051699999999999996,0.09,0.0412,2014-10-01
0.03,-0.0084,-0.0139,-0.18239999999999998,0.0159,0.0073,0.025099999999999997,0.0058,-0.0064,0.0043,2014-11-01
0.011899999999999999,0.0055000000000000005,0.0039000000000000003,-0.1,0.0227,-0.0125,0.018799999999999997,0.053,0.030899999999999997,0.0292,2014-12-01
-0.0176,-0.0471,-0.0576,-0.09,-0.0311,-0.0375,-0.0262,0.0262,0.0076,-0.0513,2015-01-01
0.042199999999999994,0.0704,0.08,0.1285,0.07400000000000001,0.06280000000000001,0.0447,0.09300000000000001,-0.0269,0.0508,2015-02-01
0.0167,-0.006,-0.0040999999999999995,-0.0861,-0.0144,0.0079,0.0174,0.0108,-0.0027,0.012199999999999999,2015-03-01
-0.0109,0.0031,0.0066,0.1535,-0.0018,0.1247,-0.0258,-0.0417,0.0028000000000000004,-9e-4,2015-04-01
0.013600000000000001,-0.0059,-0.006,-0.0828,0.024399999999999998,0.0034000000000000002,-0.0013,0.0509,-0.0074,0.0034999999999999996,2015-05-01
0.002,-0.024,-0.0144,-0.08529999999999999,-0.0124,-0.0178,0.0013,0.025699999999999997,-0.051399999999999994,0.0129,2015-06-01
-0.0066,-0.034,-0.061,-0.2119,-0.0398,-0.014499999999999999,-0.0174,-0.004699999999999999,0.029500000000000002,-0.0134,2015-07-01
-0.0363,-0.043,-0.0431,0.049,-0.056600000000000004,-0.054000000000000006,-0.0489,-0.0717,-0.034,-0.0403,2015-08-01
-0.0392,-0.0654,-0.08560000000000001,-0.1821,-0.0335,-0.012,-0.056799999999999996,-0.11470000000000001,0.0113,-0.026600000000000002,2015-09-01
0.0487,0.0751,0.0791,0.08439999999999999,0.0596,0.061500000000000006,0.0332,0.0288,0.032,0.0487,2015-10-01
-0.0058,0.028300000000000002,-0.0059,-0.028399999999999998,0.03,-0.0262,-0.0095,0.1023,-0.0199,0.0217,2015-11-01
-0.018799999999999997,-0.053200000000000004,-0.0483,-0.18059999999999998,-0.0362,-0.041299999999999996,-0.0381,-0.057800000000000004,0.0016,-0.0415,2015-12-01
-0.0202,-0.11720000000000001,-0.0901,-0.1265,-0.086,-0.0639,-0.07139999999999999,-0.1865,0.044000000000000004,-0.0765,2016-01-01
0.018500000000000003,0.0492,0.037200000000000004,-0.1085,0.0070999999999999995,0.0195,0.0381,-0.028999999999999998,0.010700000000000001,0.0033,2016-02-01
0.0452,0.0738,0.10490000000000001,0.242,0.0674,0.0471,0.07769999999999999,0.0771,0.0806,0.07519999999999999,2016-03-01
0.019299999999999998,0.0106,0.0533,0.2051,0.011000000000000001,0.026699999999999998,-0.0018,0.051699999999999996,0.0268,0.0356,2016-04-01
-0.0087,-0.009300000000000001,-0.0086,-0.0634,0.0369,-0.0015,-0.0332,0.0141,0.0239,0.011200000000000002,2016-05-01
0.0391,-0.0274,0.003,0.0115,0.016399999999999998,0.018600000000000002,0.0068000000000000005,-0.0451,0.0745,-0.0113,2016-06-01
0.0861,0.0888,0.0726,-0.0106,0.07339999999999999,0.0236,0.0466,0.0626,-0.0064,0.0524,2016-07-01
0.014499999999999999,0.06280000000000001,0.0241,0.0795,0.029300000000000003,-0.0027,0.0043,0.009000000000000001,-0.0359,0.0281,2016-08-01
-0.021400000000000002,0.058499999999999996,0.0069,0.0509,0.020099999999999996,0.008,-0.0178,0.08039999999999999,0.0155,0.0091,2016-09-01
-0.042300000000000004,-0.0424,-0.0418,-0.0815,-0.0527,-0.0425,-0.0417,-0.1368,0.0014000000000000002,-0.0219,2016-10-01
0.0356,0.1058,0.1168,0.18530000000000002,0.0499,0.061399999999999996,0.0932,0.053099999999999994,0.017,0.1277,2016-11-01
0.0106,0.0236,0.0083,0.0219,0.0027,0.0409,0.0218,-0.0269,0.0421,0.0555,2016-12-01
-0.0051,-0.0287,0.028300000000000002,0.006999999999999999,0.0353,0.0248,-0.0278,0.047400000000000005,0.0023,0.008199999999999999,2017-01-01
0.0165,-0.0016,0.0075,-0.0682,0.0227,0.005699999999999999,-0.0102,0.0645,0.0337,0.0144,2017-02-01
0.013500000000000002,0.0139,0.0085,-0.0492,0.0173,0.0073,0.004,0.0231,0.0166,-0.005600000000000001,2017-03-01
0.0014000000000000002,0.0363,0.0101,-0.071,0.0169,0.0728,0.0175,-0.0308,0.0111,0.0063,2017-04-01
-0.0074,0.0049,-0.0183,-0.0727,0.0206,-0.031400000000000004,-0.0382,-0.0495,0.0149,-0.0256,2017-05-01
0.0161,0.0375,0.0168,-0.005699999999999999,0.013300000000000001,-0.0028000000000000004,0.001,0.1041,-0.0095,0.0481,2017-06-01
-0.0077,-0.0102,0.0011,0.013999999999999999,0.012199999999999999,0.0377,-0.024399999999999998,-0.0274,0.0317,0.0029,2017-07-01
-0.0203,-0.0414,-0.030299999999999997,-0.0836,-0.01,0.0017000000000000001,-0.0429,0.013300000000000001,0.0125,-0.0189,2017-08-01
0.0298,0.1013,0.0862,0.138,0.0654,0.0060999999999999995,0.0692,0.0821,-0.0070999999999999995,0.0709,2017-09-01
-0.012199999999999999,0.0113,0.0163,-0.0301,0.0229,-0.0304,-0.031400000000000004,-0.022099999999999998,0.029500000000000002,0.0074,2017-10-01
0.056299999999999996,0.0379,0.028399999999999998,0.0379,0.0192,0.018500000000000003,0.0762,0.0253,0.0277,0.036699999999999997,2017-11-01
0.040999999999999995,-0.0178,0.0176,0.0751,0.008100000000000001,0.0335,0.0364,0.0098,-0.050199999999999995,-3e-4,2017-12-01
0.0231,0.0054,0.0067,0.0126,0.043,0.0070999999999999995,0.0172,0.0687,-0.0382,0.0274,2018-01-01
-0.0417,-0.060700000000000004,-0.0527,-0.1038,-0.0138,-0.049699999999999994,-0.0466,-0.0353,-0.0518,-0.0387,2018-02-01
0,-0.0223,0.0141,0.0091,0.0048,-0.031400000000000004,0.0167,0.0025,0.0513,0.0137,2018-03-01
0.0079,-0.025699999999999997,-0.0086,0.0971,0.0016,-0.013600000000000001,0.018600000000000002,-0.002,0.0347,0.0102,2018-04-01
0.0245,0.0654,0.0495,0.0705,0.0668,-0.021400000000000002,0.0393,0.0768,0.0177,0.0349,2018-05-01
0.068,0.009399999999999999,2e-4,0.0766,0.0069,0.0663,0.0359,-0.0235,0.0195,0.0014000000000000002,2018-06-01
-0.009399999999999999,0.0125,0.0296,-0.020499999999999997,-0.0011,-0.0123,0.0040999999999999995,-0.015300000000000001,0.013600000000000001,0.0126,2018-07-01
0.024700000000000003,0.030899999999999997,0.0023,-0.0472,0.0758,0.0729,0.056100000000000004,0.057999999999999996,0.009000000000000001,0.0163,2018-08-01
0.0016,-0.0388,-0.009000000000000001,0.0053,-0.0236,0.0219,-0.026600000000000002,-0.0115,-8e-4,-0.0246,2018-09-01
-0.0458,-0.13970000000000002,-0.1231,-0.1534,-0.10769999999999999,-0.049100000000000005,-0.0849,-0.1451,-0.0155,-0.08259999999999999,2018-10-01
0.0019,-0.0088,0.0049,-0.1199,0.0077,-0.0077,-0.0199,-0.004,0.0434,0.0068000000000000005,2018-11-01
-0.12390000000000001,-0.1293,-0.1303,-0.221,-0.0974,-0.1374,-0.1318,-0.18420000000000003,-0.0467,-0.11230000000000001,2018-12-01
0.1063,0.16899999999999998,0.14550000000000002,0.1804,0.15789999999999998,0.1275,0.11720000000000001,0.184,0.049699999999999994,0.109,2019-01-01
0.0337,0.0704,0.0564,0.0074,0.0695,0.024900000000000002,0.0385,0.0653,0.0326,0.0482,2019-02-01
-0.0068000000000000005,-0.0673,-0.0394,0.0113,-0.004699999999999999,-0.0349,-0.0378,0.030899999999999997,0.032400000000000005,-0.0326,2019-03-01
0.0223,0.0426,0.0397,6e-4,0.045899999999999996,0.0371,0.0215,-0.024399999999999998,0.010700000000000001,0.0449,2019-04-01
-0.09179999999999999,-0.1128,-0.096,-0.2071,-0.08109999999999999,-0.0638,-0.1125,-0.083,-0.0148,-0.058899999999999994,2019-05-01
0.0519,0.1097,0.0825,0.0383,0.0507,0.0245,0.0572,0.045,0.0446,0.056600000000000004,2019-06-01
0.0144,0.006500000000000001,-0.0077,-0.0941,0.0106,-0.0012,-0.010700000000000001,-0.0529,-0.0131,0.0121,2019-07-01
-0.0291,-0.0635,-0.07429999999999999,-0.1638,-0.0508,-0.08130000000000001,-0.0368,-0.048799999999999996,0.0049,-0.043899999999999995,2019-08-01
0.026099999999999998,0.061500000000000006,0.0623,0.050499999999999996,0.0045000000000000005,0.0016,0.06709999999999999,-0.0344,0.0375,0.0341,2019-09-01
-0.0148,0.0042,0.006500000000000001,-0.0984,0.0045000000000000005,-0.0316,0.0049,-0.004,-0.0171,0.019,2019-10-01
0.0206,0.024399999999999998,0.0144,-0.0352,0.0493,0.031400000000000004,0.04,0.0868,-0.026600000000000002,0.027000000000000003,2019-11-01
0.0263,0.0184,0.0334,0.19579999999999997,0.034,0.0437,0.021099999999999997,0.0983,0.0548,0.0294,2019-12-01
-0.0241,-0.0381,-0.0346,-0.187,0.0141,-0.016,-0.0574,0.0492,0.0079,-0.0322,2020-01-01
-0.09880000000000001,-0.1097,-0.0892,-0.1858,-0.0753,-0.044800000000000006,-0.0901,-0.0086,-0.10099999999999999,-0.0863,2020-02-01
-0.1807,-0.27699999999999997,-0.2384,-0.46590000000000004,-0.1818,-0.2339,-0.2589,-0.1743,-0.1075,-0.2502,2020-03-01
0.13269999999999998,0.2815,0.1656,0.6745,0.21359999999999998,0.1011,0.23129999999999998,0.21739999999999998,0.10039999999999999,0.1188,2020-04-01
0.0425,0.10400000000000001,0.068,-0.0431,0.1067,0.0361,0.1023,0.1391,0.0384,0.0447,2020-05-01
0.0392,0.2152,0.0968,0.0354,0.081,0.12539999999999998,0.0669,0.046900000000000004,-0.0435,0.0553,2020-06-01
0.051,0.0904,0.050300000000000004,-0.011699999999999999,0.10779999999999999,0.0018,0.058499999999999996,0.0369,0.0336,0.004699999999999999,2020-07-01
0.0425,0.11599999999999999,0.059000000000000004,-0.0181,0.0393,0.0344,0.12029999999999999,0.0132,-0.0085,0.0587,2020-08-01
-0.019299999999999998,-0.0097,-0.015300000000000001,-0.1369,-0.0259,-0.0591,-0.0213,-0.0124,-0.0213,-0.034,2020-09-01
0.0252,0.0388,0.022099999999999998,-0.0493,0.0078000000000000005,-0.0434,0.020499999999999997,-0.0273,0.0406,0.0416,2020-10-01
0.17739999999999997,0.305,0.22699999999999998,0.3593,0.2191,0.2569,0.2223,0.1848,0.0641,0.1825,2020-11-01
0.062,0.0892,0.0894,0.1514,0.12480000000000001,0.0341,0.053399999999999996,0.0984,0.0138,0.08929999999999999,2020-12-01
0.0713,0.3093,0.08460000000000001,0.2218,0.0885,0.1496,0.1971,0.19079999999999997,-0.0011,0.044199999999999996,2021-01-01
0.0674,0.0757,0.1061,0.2923,0.0729,0.0815,0.07780000000000001,0.0632,-0.0151,0.1152,2021-02-01
0.0401,0.0070999999999999995,0.048499999999999995,-0.048,-0.0152,0.0317,0.0827,-0.035699999999999996,0.0981,0.0652,2021-03-01
0.0404,0.011899999999999999,0.0195,-0.0146,0.027200000000000002,0.0259,0.0347,-0.0215,0.0323,0.0268,2021-04-01
0.0363,0.0281,0.0318,0.1592,-0.0052,0.0636,0.0591,-0.0331,8e-4,0.0271,2021-05-01
0.0070999999999999995,0.008199999999999999,0.0016,0.12380000000000001,0.07730000000000001,0.0335,0.018500000000000003,0.0533,0.012,-0.0143,2021-06-01
-0.029300000000000003,-0.064,-0.025099999999999997,-0.1204,-0.0275,-0.0248,-0.0345,-0.0883,0.0181,-0.0189,2021-07-01
0.0013,-0.042699999999999995,0.0073,0.009000000000000001,0.0166,0.0414,0.0046,0.051100000000000007,0.023799999999999998,0.0273,2021-08-01
-0.047,-0.0359,-0.042,0.2151,-0.049,-0.0124,-0.0501,-0.0571,-0.052300000000000006,-0.0103,2021-09-01
0.0233,0.014199999999999999,0.044500000000000005,0.0756,0.048499999999999995,-0.0345,0.0318,-0.037000000000000005,0.041299999999999996,0.036699999999999997,2021-10-01
-0.0313,-0.0429,-0.0242,-0.1183,-0.0643,-0.086,-0.0271,-0.0983,-0.023,-0.029900000000000003,2021-11-01
0.0278,-0.0103,0.0179,0.0131,-0.0134,-0.0025,0.0203,-0.056900000000000006,0.08460000000000001,0.022400000000000003,2021-12-01
-0.0683,-0.0989,-0.06709999999999999,0.106,-0.1231,-0.0281,-0.0904,-0.1542,-0.0282,-0.0473,2022-01-01
0.001,-0.0281,0.0169,0.1446,-0.0062,0.0039000000000000003,-4e-4,-0.046900000000000004,0.0060999999999999995,0.0016,2022-02-01
-0.016200000000000003,-0.0159,0.0202,0.1723,0.0055000000000000005,0.0125,-0.003,0.0317,0.0916,0.0076,2022-03-01
-0.049400000000000006,-0.1119,-0.0851,-0.0105,-0.1406,-0.11380000000000001,-0.0674,-0.19879999999999998,-0.0416,-0.0806,2022-04-01
-0.0236,0.0116,-0.002,0.1292,-0.038900000000000004,0.0541,-0.0345,-0.0754,0.0675,-0.0011,2022-05-01
-0.0726,-0.0877,-0.1026,-0.1905,-0.09449999999999999,-0.11900000000000001,-0.09359999999999999,0.022000000000000002,-0.0617,-0.0821,2022-06-01
0.049800000000000004,0.0969,0.1051,0.11019999999999999,0.1104,0.014199999999999999,0.0907,0.0696,0.0788,0.0665,2022-07-01
-0.031400000000000004,-0.0128,-0.0141,0.059800000000000006,-0.018600000000000002,0.029300000000000003,0.005699999999999999,0.0274,0.009300000000000001,-0.0155,2022-08-01
-0.15539999999999998,-0.1591,-0.1405,-0.12,-0.1191,-0.1723,-0.1258,-0.10550000000000001,-0.11789999999999999,-0.0753,2022-09-01
0.0684,0.0876,0.1058,0.2488,0.063,0.0705,0.1073,0.0118,0.0729,0.071,2022-10-01
0.0174,0.028399999999999998,0.0352,0.0031,-0.0095,-0.056600000000000004,0.044800000000000006,-0.0366,0.051699999999999996,0.018600000000000002,2022-11-01
-0.0697,-0.11349999999999999,-0.0636,-0.0819,-0.0783,-0.09140000000000001,-0.0958,-0.041299999999999996,-0.0282,-0.0435,2022-12-01
0.13,0.30820000000000003,0.1595,0.032799999999999996,0.19039999999999999,0.24239999999999998,0.1655,0.19870000000000002,0.0252,0.09789999999999999,2023-01-01
-0.050300000000000004,-0.0562,-0.0149,-0.0702,-0.036699999999999997,-0.08109999999999999,-0.0394,-0.0669,-0.037200000000000004,-0.015700000000000002,2023-02-01
-0.0435,-0.0821,-0.0572,-0.067,-0.0271,-0.0882,-0.056799999999999996,-0.0791,0.0121,-0.0821,2023-03-01
-0.0148,-0.0613,-0.0329,-0.024,-0.0636,-0.0051,-0.019799999999999998,0.018799999999999997,-0.001,-0.0199,2023-04-01
-0.0359,-0.0355,-0.0335,-0.0667,0.07440000000000001,-0.08529999999999999,-0.034,0.0161,-0.0316,-0.028900000000000002,2023-05-01
0.0331,0.0909,0.11789999999999999,0.10099999999999999,0.0603,0.08460000000000001,0.10220000000000001,0.012,0.0229,0.0633,2023-06-01
0.0286,0.0796,0.06709999999999999,0.1159,0.0594,0.0296,0.0574,0.0039000000000000003,0.026600000000000002,0.0641,2023-07-01
-0.050499999999999996,-0.0947,-0.06,-0.0123,-0.0786,-0.0264,-0.0652,-0.08810000000000001,-0.051699999999999996,-0.0547,2023-08-01
-0.07,-0.0756,-0.065,0.0339,-0.0919,-0.06709999999999999,-0.077,-0.0906,-0.0572,-0.0536,2023-09-01
-0.0766,-0.1445,-0.077,-0.0444,-0.0992,-0.0481,-0.062400000000000004,-0.1072,-0.0059,-0.0518,2023-10-01
0.0833,0.0202,0.0677,-0.0467,0.1166,0.0555,0.0765,0.0828,0.058499999999999996,0.09269999999999999,2023-11-01
0.0642,0.1014,0.11349999999999999,0.015,0.1127,0.0679,0.1186,0.1748,0.0378,0.1054,2023-12-01
-0.0392,-0.0812,-0.0587,-0.0519,-0.034,-0.0415,-0.052300000000000006,-0.0012,-0.048799999999999996,-0.0364,2024-01-01
0.019299999999999998,0.0292,0.0565,0.023,0.0554,-0.0581,0.056100000000000004,0.12380000000000001,0.023700000000000002,0.0169,2024-02-01
0.0098,0.0021,0.0552,0.0739,0.011899999999999999,-0.0444,0.0255,0.0168,0.0541,0.0327,2024-03-01
-0.0481,-0.102,-0.0548,0,-0.0748,-0.0308,-0.0729,-0.1097,0.0044,-0.0557,2024-04-01
0.0716,0.1777,0.0513,0.0358,0.0236,0.1192,0.1573,0.0179,0.055999999999999994,0.0337,2024-05-01
-0.0433,-0.0726,-0.0536,-0.0542,-0.0023,0.0189,-0.031400000000000004,-0.0688,-0.030899999999999997,-0.009899999999999999,2024-06-01
0.0481,0.0406,0.0632,0.0435,0.0453,0.1358,0.0385,0.0834,0.08929999999999999,0.09369999999999999,2024-07-01
-0.0151,-0.0401,-0.0259,-0.0636,-0.0258,-0.0385,-0.0263,-0.0412,0.003,-0.0189,2024-08-01
0.0116,-0.027200000000000002,0.0406,-0.005600000000000001,0.0051,0.0274,0.032,-0.026699999999999998,0.0365,-0.0019,2024-09-01
-0.0217,-0.043,-0.0196,-0.021099999999999997,0.006500000000000001,0.0102,-0.051399999999999994,0.0115,-8e-4,0.0073,2024-10-01
0.0567,0.0291,0.16440000000000002,0.1069,0.1376,0.055,0.08199999999999999,0.0264,0.0837,0.10980000000000001,2024-11-01
-0.018799999999999997,-0.0663,-0.0478,-0.0645,0.0524,-0.061399999999999996,-0.0076,-0.0634,-0.0644,-0.0581,2024-12-01
0.0027,0.062400000000000004,-0.0716,-0.0682,-0.25329999999999997,-0.1739,0.04769999999999999,-0.1201,-0.10189999999999999,-0.0576,2020-01-01
-0.0175,-0.16190000000000002,-0.0683,-0.0876,-0.38060000000000005,-0.30579999999999996,-0.21170000000000003,-0.226,-0.2206,-0.1551,2020-02-01
0.1956,0.4868,0.3265,0.2698,0.485,0.14980000000000002,0.2968,0.2147,0.256,0.33380000000000004,2020-03-01
0.1033,0.0727,0.1595,0.3256,0.049100000000000005,0.0926,0.1226,0.0032,0.24789999999999998,0.15130000000000002,2020-04-01
0.019,-0.2048,0.0718,0.3283,0.0139,-0.0672,0.060599999999999994,0.0466,0.17600000000000002,0.0703,2020-05-01
0.195,0.22190000000000001,0.1928,0.22219999999999998,0.09210000000000002,0.36840000000000006,0.10490000000000001,0.0802,0.2094,0.1559,2020-06-01
0.1192,-0.042699999999999995,0.2094,0.3159,0.1709,-0.0166,-0.035699999999999996,0.0375,0.1877,-0.0868,2020-07-01
-0.2403,-0.5892000000000001,-0.40509999999999996,-0.3248,-0.4216,-0.34490000000000004,-0.2211,-0.17370000000000002,-0.2833,-0.4682,2020-08-01
0.25980000000000003,0.7979999999999999,0.35119999999999996,0.1326,0.5774,0.2521,0.2939,0.2115,0.1479,0.1833,2020-09-01
0.19,0.5309,0.25579999999999997,0.20850000000000002,0.15289999999999998,0.2231,0.1912,0.0467,0.08259999999999999,0.1673,2020-10-01
0.1497,-0.2464,-0.0084,0.0443,-0.011399999999999999,0.0616,0.1117,0.1069,0.20879999999999999,-0.1106,2020-11-01
0.1167,0.2438,0.1485,0.0371,0.1363,0.2921,0.18280000000000002,0.2041,0.037200000000000004,0.2291,2020-12-01
0.2777,0.27399999999999997,0.12279999999999999,-0.1197,0.1354,-0.1288,0.48200000000000004,0.4704,-0.013999999999999999,0.2988,2020-01-01
0.0518,-0.0593,-0.105,-0.0932,-0.298,-0.41,-0.08349999999999999,-0.3318,-0.1185,0.0239,2020-02-01
0.41659999999999997,0.4518,0.5835,0.7803,1.1929,0.8001,0.6374,1.1643000000000001,0.29350000000000004,0.5888,2020-03-01
0.2343,0.0592,0.3283,0.506,0.1213,0.0635,0.2646,0.1595,0.2052,0.2372,2020-04-01
0.0064,-0.1506,0.0718,0.6647,-0.018600000000000002,-0.1514,0.0821,-0.0351,0.125,0.0601,2020-05-01
0.2054,0.18309999999999998,0.2523,0.0731,0.1222,0.1856,0.1744,0.1133,0.2206,0.1734,2020-06-01
-0.0967,-0.1082,0.0729,0.081,0.009000000000000001,-0.1013,-0.1464,-0.0484,0.11960000000000001,-0.1681,2020-07-01
-0.4368,-0.633,-0.4953,-0.5456,-0.4979,-0.5678,-0.45770000000000005,-0.4006,-0.209,-0.4147,2020-08-01
0.8086,1.3068,0.6904,0.667,0.9343,1.1937,1.0009000000000001,0.9815999999999999,0.18739999999999998,0.2596,2020-09-01
0.2776,0.33630000000000004,0.3824,0.38380000000000003,0.35229999999999995,0.321,0.314,0.21969999999999998,0.1338,0.21350000000000002,2020-10-01
-0.0825,-0.23989999999999997,-0.10490000000000001,-0.0827,-0.13970000000000002,-0.10039999999999999,-0.0070999999999999995,-0.10949999999999999,0.18239999999999998,-0.10439999999999999,2020-11-01
0.2945,0.1759,0.1771,-0.1197,0.0962,0.16899999999999998,0.19510000000000002,0.2544,0.061799999999999994,0.2586,2020-12-01
2.76,1.24,6.11,0.98,1.96,0.26,2.28,0.49,1.32,3.65,1970-01-01
2.75,1.24,6.09,0.98,1.96,0.26,2.28,0.49,1.32,3.65,1970-02-01
2.75,1.24,6.09,0.98,1.96,0.26,2.28,0.49,1.32,3.61,1970-03-01
2.75,1.24,6.07,0.98,1.94,0.26,2.28,0.49,1.32,3.58,1970-04-01
2.75,1.23,6.02,0.98,1.94,0.26,2.27,0.49,1.32,3.58,1970-05-01
2.73,1.23,6.02,0.97,1.93,0.26,2.25,0.49,1.32,3.56,1970-06-01
3.03,1.33,6.28,1.05,1.97,0.27,2.53,0.53,1.35,4.06,1970-07-01
3.03,1.32,6.26,1.05,1.96,0.27,2.52,0.53,1.35,4.04,1970-08-01
3.03,1.32,6.26,1.05,1.94,0.26,2.52,0.53,1.35,4.03,1970-09-01
3.03,1.32,6.24,1.04,1.94,0.26,2.52,0.53,1.35,4.03,1970-10-01
3.03,1.31,6.23,1.04,1.93,0.26,2.51,0.52,1.35,4.02,1970-11-01
3.02,1.31,6.18,1.03,1.92,0.26,2.49,0.52,1.35,4,1970-12-01
3,1.31,6.17,1.03,1.92,0.26,2.47,0.51,1.35,3.99,1971-01-01
2.98,1.31,6.16,1.02,1.92,0.26,2.46,0.51,1.35,3.98,1971-02-01
2.97,1.31,6.16,1.01,1.91,0.26,2.45,0.51,1.35,3.96,1971-03-01
2.96,1.31,6.13,1.01,1.89,0.26,2.44,0.51,1.35,3.96,1971-04-01
2.95,1.31,6.09,1.01,1.87,0.25,2.44,0.51,1.35,3.93,1971-05-01
2.93,1.31,6.07,1.01,1.85,0.25,2.44,0.51,1.35,3.91,1971-06-01
3.12,1.35,6.22,1.06,1.94,0.27,2.68,0.6,1.4,4.39,1971-07-01
3.11,1.35,6.21,1.06,1.94,0.27,2.68,0.6,1.4,4.38,1971-08-01
3.11,1.35,6.21,1.06,1.92,0.27,2.68,0.6,1.4,4.38,1971-09-01
3.11,1.35,6.21,1.06,1.92,0.27,2.68,0.6,1.4,4.38,1971-10-01
3.11,1.34,6.19,1.06,1.92,0.27,2.68,0.6,1.39,4.38,1971-11-01
3.11,1.34,6.18,1.06,1.91,0.27,2.68,0.6,1.39,4.36,1971-12-01
3.1,1.34,6.13,1.06,1.9,0.27,2.68,0.6,1.39,4.36,1972-01-01
3.1,1.34,6.13,1.06,1.9,0.27,2.68,0.6,1.39,4.35,1972-02-01
3.09,1.33,6.12,1.06,1.89,0.27,2.68,0.6,1.39,4.33,1972-03-01
3.08,1.33,6.11,1.05,1.88,0.27,2.68,0.6,1.39,4.31,1972-04-01
3.08,1.33,6.1,1.04,1.88,0.27,2.68,0.6,1.39,4.28,1972-05-01
3.08,1.33,6.09,1.04,1.87,0.27,2.67,0.6,1.39,4.25,1972-06-01
3.38,1.39,6.28,1.08,1.94,0.27,2.92,0.7,1.43,4.86,1972-07-01
3.34,1.38,6.27,1.08,1.94,0.27,2.91,0.7,1.43,4.83,1972-08-01
3.34,1.38,6.26,1.08,1.94,0.27,2.9,0.7,1.43,4.83,1972-09-01
3.33,1.37,6.25,1.08,1.94,0.27,2.89,0.7,1.43,4.82,1972-10-01
3.32,1.37,6.23,1.08,1.92,0.27,2.89,0.7,1.43,4.8,1972-11-01
3.32,1.37,6.21,1.08,1.92,0.27,2.88,0.7,1.43,4.8,1972-12-01
3.3,1.36,6.2,1.08,1.91,0.27,2.86,0.7,1.42,4.79,1973-01-01
3.27,1.36,6.17,1.08,1.9,0.27,2.86,0.7,1.42,4.78,1973-02-01
3.26,1.36,6.16,1.07,1.9,0.27,2.86,0.7,1.42,4.76,1973-03-01
3.26,1.35,6.16,1.07,1.89,0.27,2.85,0.7,1.42,4.75,1973-04-01
3.22,1.35,6.13,1.06,1.87,0.27,2.83,0.7,1.42,4.73,1973-05-01
3.21,1.35,6.13,1.06,1.86,0.27,2.82,0.7,1.42,4.72,1973-06-01
5.45,2.13,9.65,1.67,4.24,0.45,5.45,1.36,1.83,19.17,1973-07-01
5.39,2.11,9.6,1.65,4.21,0.45,5.4,1.36,1.83,18.98,1973-08-01
5.36,2.11,9.56,1.65,4.18,0.45,5.36,1.33,1.83,18.87,1973-09-01
5.35,2.1,9.53,1.65,4.14,0.45,5.3,1.33,1.83,18.76,1973-10-01
5.31,2.05,9.42,1.63,4.06,0.45,5.24,1.33,1.83,18.46,1973-11-01
5.21,2.05,9.37,1.61,4.01,0.44,5.18,1.3,1.83,18.17,1973-12-01
5.18,2.04,9.32,1.61,3.99,0.44,5.17,1.28,1.83,18.03,1974-01-01
5.16,2.03,9.29,1.61,3.96,0.44,5.15,1.28,1.83,17.96,1974-02-01
5.15,2.03,9.29,1.6,3.91,0.43,5.14,1.28,1.83,17.86,1974-03-01
5.11,2.02,9.26,1.58,3.88,0.43,5.12,1.27,1.83,17.8,1974-04-01
5.05,2.01,9.18,1.58,3.85,0.43,5.08,1.25,1.82,17.69,1974-05-01
5.01,1.98,9.14,1.58,3.82,0.43,5.05,1.25,1.82,17.55,1974-06-01
5.03,1.92,9.14,1.7,3.87,0.43,4.96,1.3,1.84,17.22,1974-07-01
4.99,1.89,9.11,1.68,3.81,0.43,4.94,1.29,1.84,17.11,1974-08-01
4.93,1.86,9.1,1.68,3.77,0.42,4.91,1.29,1.84,17.02,1974-09-01
4.91,1.82,9.07,1.68,3.73,0.42,4.87,1.29,1.84,16.92,1974-10-01
4.89,1.8,9.03,1.67,3.71,0.42,4.86,1.29,1.82,16.82,1974-11-01
4.87,1.79,8.98,1.62,3.68,0.42,4.85,1.29,1.82,16.7,1974-12-01
4.83,1.79,8.95,1.61,3.66,0.42,4.8,1.26,1.82,16.6,1975-01-01
4.82,1.79,8.94,1.6,3.64,0.42,4.8,1.25,1.82,16.56,1975-02-01
4.81,1.79,8.91,1.59,3.62,0.42,4.78,1.25,1.82,16.52,1975-03-01
4.8,1.78,8.87,1.59,3.62,0.42,4.77,1.25,1.81,16.43,1975-04-01
4.8,1.77,8.86,1.59,3.61,0.42,4.77,1.25,1.81,16.4,1975-05-01
4.78,1.75,8.81,1.58,3.57,0.41,4.73,1.22,1.81,16.33,1975-06-01
4.82,1.75,8.98,1.73,3.59,0.42,4.79,1.34,1.85,16.38,1975-07-01
4.8,1.73,8.92,1.73,3.57,0.42,4.79,1.34,1.85,16.33,1975-08-01
4.8,1.73,8.91,1.73,3.56,0.42,4.77,1.33,1.85,16.31,1975-09-01
4.78,1.73,8.91,1.73,3.56,0.42,4.76,1.31,1.84,16.23,1975-10-01
4.76,1.73,8.89,1.72,3.55,0.42,4.72,1.31,1.84,16.19,1975-11-01
4.72,1.73,8.87,1.72,3.54,0.41,4.71,1.29,1.84,16.13,1975-12-01
4.71,1.73,8.83,1.69,3.53,0.41,4.68,1.29,1.84,16.05,1976-01-01
4.69,1.73,8.8,1.68,3.53,0.41,4.67,1.29,1.84,16.01,1976-02-01
4.65,1.71,8.79,1.68,3.52,0.41,4.64,1.29,1.84,15.97,1976-03-01
4.62,1.7,8.77,1.68,3.48,0.41,4.62,1.28,1.84,15.92,1976-04-01
4.61,1.7,8.71,1.65,3.47,0.41,4.61,1.28,1.84,15.86,1976-05-01
4.58,1.7,8.67,1.65,3.46,0.41,4.59,1.28,1.84,15.83,1976-06-01
4.76,1.74,9.05,1.82,3.68,0.42,4.87,1.35,1.87,16.53,1976-07-01
4.73,1.72,8.98,1.82,3.68,0.42,4.83,1.35,1.87,16.47,1976-08-01
4.73,1.72,8.95,1.82,3.66,0.42,4.81,1.35,1.87,16.41,1976-09-01
4.72,1.71,8.91,1.8,3.66,0.42,4.81,1.35,1.87,16.38,1976-10-01
4.71,1.71,8.88,1.79,3.64,0.42,4.79,1.34,1.87,16.36,1976-11-01
4.7,1.7,8.82,1.78,3.61,0.42,4.79,1.3,1.87,16.29,1976-12-01
4.66,1.67,8.79,1.76,3.57,0.42,4.78,1.29,1.87,16.23,1977-01-01
4.64,1.66,8.76,1.74,3.55,0.42,4.77,1.28,1.87,16.19,1977-02-01
4.6,1.66,8.73,1.72,3.55,0.42,4.73,1.27,1.87,16.16,1977-03-01
4.59,1.65,8.69,1.72,3.54,0.42,4.73,1.26,1.87,16.13,1977-04-01
4.55,1.65,8.62,1.69,3.53,0.42,4.72,1.24,1.87,16.11,1977-05-01
4.52,1.64,8.57,1.69,3.53,0.42,4.7,1.23,1.86,16.08,1977-06-01
4.61,1.7,8.94,1.9,3.85,0.44,4.96,1.33,1.87,16.66,1977-07-01
4.57,1.68,8.92,1.87,3.82,0.44,4.91,1.32,1.87,16.58,1977-08-01
4.55,1.67,8.88,1.86,3.8,0.44,4.9,1.32,1.87,16.48,1977-09-01
4.51,1.67,8.81,1.86,3.78,0.44,4.87,1.31,1.87,16.42,1977-10-01
4.5,1.67,8.79,1.85,3.76,0.44,4.84,1.3,1.87,16.4,1977-11-01
4.48,1.67,8.67,1.85,3.73,0.44,4.79,1.28,1.87,16.35,1977-12-01
4.46,1.64,8.58,1.85,3.68,0.44,4.75,1.25,1.87,16.2,1978-01-01
4.42,1.64,8.55,1.85,3.67,0.44,4.73,1.25,1.87,16.11,1978-02-01
4.4,1.64,8.51,1.85,3.66,0.44,4.71,1.25,1.87,16.05,1978-03-01
4.36,1.64,8.45,1.82,3.64,0.43,4.7,1.24,1.87,16.02,1978-04-01
4.31,1.64,8.34,1.79,3.62,0.43,4.66,1.23,1.87,15.96,1978-05-01
4.28,1.64,8.19,1.77,3.6,0.43,4.6,1.2,1.87,15.89,1978-06-01
4.24,1.67,8.55,1.88,3.77,0.43,4.78,1.24,1.89,16.5,1978-07-01
4.18,1.64,8.51,1.85,3.75,0.43,4.76,1.24,1.87,16.42,1978-08-01
4.16,1.64,8.48,1.85,3.74,0.42,4.71,1.22,1.87,16.33,1978-09-01
4.12,1.63,8.45,1.84,3.72,0.42,4.67,1.22,1.87,16.24,1978-10-01
4.12,1.63,8.4,1.84,3.71,0.41,4.63,1.22,1.87,16.15,1978-11-01
4.11,1.62,8.37,1.83,3.67,0.41,4.61,1.21,1.87,16.07,1978-12-01
4.08,1.6,8.27,1.82,3.65,0.41,4.55,1.21,1.87,15.96,1979-01-01
4.04,1.59,8.24,1.79,3.64,0.41,4.54,1.2,1.87,15.84,1979-02-01
4.02,1.59,8.21,1.77,3.62,0.41,4.53,1.19,1.87,15.8,1979-03-01
3.99,1.58,8.19,1.76,3.58,0.41,4.51,1.18,1.87,15.67,1979-04-01
3.98,1.57,8.17,1.75,3.57,0.41,4.51,1.17,1.87,15.59,1979-05-01
3.94,1.55,8.13,1.74,3.54,0.4,4.48,1.15,1.87,15.44,1979-06-01
4,1.58,8.42,1.99,3.96,0.45,4.58,1.27,1.88,16.37,1979-07-01
3.96,1.58,8.36,1.98,3.96,0.44,4.56,1.26,1.87,16.29,1979-08-01
3.94,1.57,8.33,1.98,3.94,0.44,4.54,1.24,1.87,16.2,1979-09-01
3.93,1.56,8.31,1.95,3.93,0.44,4.52,1.24,1.87,16.16,1979-10-01
3.91,1.54,8.28,1.94,3.89,0.43,4.49,1.24,1.87,16.09,1979-11-01
3.89,1.52,8.24,1.93,3.84,0.43,4.47,1.23,1.87,16.03,1979-12-01
3.84,1.5,8.16,1.91,3.81,0.43,4.44,1.23,1.87,15.83,1980-01-01
3.82,1.48,8.12,1.91,3.79,0.43,4.42,1.22,1.87,15.78,1980-02-01
3.81,1.48,8.1,1.9,3.79,0.42,4.39,1.22,1.87,15.67,1980-03-01
3.78,1.48,8.04,1.89,3.78,0.41,4.36,1.19,1.87,15.6,1980-04-01
3.75,1.47,8.02,1.88,3.75,0.4,4.34,1.17,1.86,15.49,1980-05-01
3.74,1.47,7.98,1.88,3.71,0.39,4.31,1.17,1.86,15.39,1980-06-01
3.84,1.55,8.32,2.44,4.19,0.43,4.52,1.36,1.89,16.32,1980-07-01
3.83,1.54,8.28,2.43,4.15,0.43,4.51,1.35,1.88,16.15,1980-08-01
3.76,1.52,8.22,2.42,4.12,0.43,4.5,1.33,1.88,16.07,1980-09-01
3.75,1.52,8.21,2.41,4.11,0.43,4.46,1.33,1.88,15.98,1980-10-01
3.74,1.52,8.17,2.4,4.08,0.43,4.45,1.32,1.88,15.92,1980-11-01
3.73,1.52,8.14,2.4,4.06,0.4,4.38,1.32,1.87,15.8,1980-12-01
3.69,1.51,8.12,2.4,4.01,0.4,4.31,1.31,1.86,15.72,1981-01-01
3.66,1.49,8.08,2.37,4,0.4,4.28,1.3,1.86,15.64,1981-02-01
3.64,1.48,8,2.37,3.99,0.38,4.27,1.29,1.86,15.6,1981-03-01
3.61,1.45,7.96,2.34,3.98,0.38,4.26,1.27,1.86,15.54,1981-04-01
3.59,1.44,7.92,2.33,3.98,0.38,4.24,1.26,1.86,15.53,1981-05-01
3.58,1.44,7.85,2.32,3.96,0.38,4.17,1.26,1.86,15.45,1981-06-01
3.69,1.62,8.35,3.6,5.27,0.5,4.5,1.56,1.91,17.24,1981-07-01
3.64,1.62,8.31,3.59,5.27,0.49,4.48,1.56,1.9,17.22,1981-08-01
3.63,1.61,8.31,3.58,5.25,0.49,4.43,1.55,1.9,17.09,1981-09-01
3.61,1.6,8.27,3.56,5.22,0.49,4.39,1.54,1.9,16.99,1981-10-01
3.59,1.59,8.24,3.55,5.2,0.47,4.37,1.54,1.9,16.92,1981-11-01
3.58,1.58,8.21,3.51,5.18,0.47,4.31,1.52,1.9,16.86,1981-12-01
3.58,1.56,8.19,3.5,5.14,0.47,4.29,1.52,1.9,16.74,1982-01-01
3.56,1.56,8.14,3.49,5.12,0.47,4.27,1.52,1.9,16.65,1982-02-01
3.55,1.56,8.11,3.47,5.08,0.47,4.21,1.5,1.9,16.5,1982-03-01
3.53,1.55,8.09,3.44,5.04,0.47,4.17,1.49,1.88,16.32,1982-04-01
3.5,1.54,8.08,3.43,5.04,0.46,4.11,1.49,1.88,16.19,1982-05-01
3.48,1.52,8.07,3.41,5.03,0.46,4.07,1.47,1.88,16.08,1982-06-01
3.6,1.52,8.45,4.03,5.98,0.55,4.46,1.76,1.9,16.99,1982-07-01
3.57,1.52,8.41,4.01,5.96,0.55,4.44,1.75,1.9,16.87,1982-08-01
3.54,1.52,8.32,3.97,5.94,0.54,4.43,1.73,1.9,16.64,1982-09-01
3.52,1.49,8.26,3.94,5.91,0.53,4.41,1.72,1.9,16.48,1982-10-01
3.47,1.48,8.23,3.93,5.89,0.53,4.38,1.71,1.9,16.25,1982-11-01
3.46,1.48,8.15,3.9,5.86,0.52,4.38,1.69,1.9,16.1,1982-12-01
3.42,1.48,8.08,3.83,5.85,0.51,4.32,1.68,1.9,15.87,1983-01-01
3.41,1.48,8.03,3.78,5.84,0.51,4.29,1.66,1.9,15.8,1983-02-01
3.39,1.48,8.01,3.76,5.82,0.51,4.26,1.63,1.9,15.72,1983-03-01
3.39,1.47,7.98,3.7,5.81,0.5,4.25,1.61,1.9,15.65,1983-04-01
3.38,1.47,7.97,3.66,5.74,0.49,4.22,1.61,1.89,15.52,1983-05-01
3.35,1.46,7.91,3.62,5.69,0.49,4.21,1.6,1.88,15.4,1983-06-01
3.64,1.57,8.3,3.88,6.92,0.61,4.83,2.06,1.95,17.19,1983-07-01
3.62,1.57,8.24,3.79,6.9,0.6,4.79,2.04,1.94,17.04,1983-08-01
3.61,1.56,8.19,3.71,6.86,0.6,4.75,2.04,1.94,16.91,1983-09-01
3.61,1.56,8.15,3.69,6.83,0.59,4.74,2.04,1.91,16.83,1983-10-01
3.61,1.54,8.13,3.68,6.81,0.59,4.72,2.04,1.91,16.73,1983-11-01
3.59,1.54,8.12,3.59,6.78,0.59,4.66,2.03,1.89,16.66,1983-12-01
3.58,1.51,8.08,3.51,6.76,0.59,4.61,2,1.89,16.51,1984-01-01
3.5,1.51,8.03,3.48,6.74,0.59,4.55,1.98,1.89,16.43,1984-02-01
3.48,1.51,8,3.42,6.73,0.59,4.54,1.98,1.89,16.33,1984-03-01
3.46,1.5,7.94,3.4,6.72,0.57,4.51,1.98,1.89,16.22,1984-04-01
3.43,1.47,7.93,3.38,6.71,0.57,4.48,1.95,1.89,16.1,1984-05-01
3.4,1.47,7.86,3.34,6.65,0.54,4.43,1.95,1.89,15.91,1984-06-01
3.74,1.71,8.66,3.73,9.06,0.83,5.59,2.89,1.95,18.46,1984-07-01
3.7,1.71,8.65,3.7,9.03,0.83,5.58,2.88,1.94,18.33,1984-08-01
3.65,1.7,8.59,3.59,8.96,0.83,5.45,2.86,1.93,18.13,1984-09-01
3.63,1.69,8.55,3.55,8.86,0.82,5.4,2.83,1.93,17.89,1984-10-01
3.6,1.69,8.46,3.45,8.8,0.81,5.35,2.82,1.93,17.72,1984-11-01
3.54,1.69,8.42,3.37,8.77,0.81,5.33,2.78,1.93,17.62,1984-12-01
3.49,1.68,8.38,3.31,8.69,0.81,5.27,2.74,1.93,17.34,1985-01-01
3.48,1.68,8.26,3.29,8.64,0.8,5.22,2.73,1.93,17.25,1985-02-01
3.46,1.65,8.2,3.26,8.58,0.79,5.19,2.7,1.91,17.19,1985-03-01
3.43,1.65,8.17,3.25,8.5,0.79,5.11,2.69,1.91,17.05,1985-04-01
3.36,1.61,8.12,3.21,8.45,0.78,5.04,2.69,1.9,16.85,1985-05-01
3.35,1.58,8.04,3.17,8.32,0.78,4.98,2.64,1.9,16.7,1985-06-01
3.58,1.71,8.47,3.57,9.32,0.96,5.49,3.14,1.91,17.52,1985-07-01
3.56,1.7,8.38,3.52,9.22,0.95,5.43,3.13,1.91,17.3,1985-08-01
3.53,1.67,8.35,3.48,9.18,0.92,5.39,3.11,1.91,17.12,1985-09-01
3.48,1.66,8.32,3.39,9.08,0.92,5.32,3.09,1.9,17.03,1985-10-01
3.45,1.64,8.25,3.33,9.02,0.9,5.24,3.06,1.9,16.85,1985-11-01
3.42,1.62,8.2,3.27,8.97,0.85,5.14,3.02,1.89,16.68,1985-12-01
3.39,1.61,8.17,3.2,8.9,0.84,5.11,2.98,1.88,16.44,1986-01-01
3.35,1.61,8.13,3.15,8.86,0.84,5.07,2.95,1.88,16.33,1986-02-01
3.33,1.61,8.06,3.1,8.74,0.83,5.02,2.91,1.87,16.18,1986-03-01
3.26,1.59,8.03,3.01,8.67,0.82,4.98,2.87,1.85,16.04,1986-04-01
3.22,1.58,7.97,2.94,8.62,0.8,4.94,2.83,1.84,15.87,1986-05-01
3.2,1.55,7.88,2.87,8.53,0.79,4.91,2.79,1.83,15.75,1986-06-01
3.4,1.71,8.71,3.24,9.46,0.92,6.26,3.62,1.93,17.81,1986-07-01
3.37,1.7,8.66,3.15,9.37,0.92,6.23,3.59,1.93,17.63,1986-08-01
3.35,1.68,8.59,3.1,9.28,0.92,6.17,3.57,1.92,17.46,1986-09-01
3.32,1.66,8.48,3.06,9.18,0.91,6.1,3.52,1.91,17.34,1986-10-01
3.26,1.65,8.43,2.96,9.07,0.9,6.04,3.45,1.91,17.14,1986-11-01
3.22,1.62,8.23,2.86,8.93,0.89,5.93,3.44,1.9,16.81,1986-12-01
3.16,1.61,8.17,2.85,8.83,0.87,5.83,3.38,1.9,16.65,1987-01-01
3.16,1.61,8.13,2.8,8.81,0.87,5.81,3.35,1.9,16.6,1987-02-01
3.14,1.61,8.05,2.76,8.75,0.87,5.77,3.31,1.9,16.48,1987-03-01
3.1,1.59,7.96,2.74,8.73,0.87,5.72,3.31,1.9,16.4,1987-04-01
3.07,1.59,7.94,2.71,8.68,0.87,5.71,3.31,1.9,16.26,1987-05-01
3.05,1.56,7.89,2.66,8.59,0.86,5.66,3.3,1.9,16.16,1987-06-01
3.53,1.77,8.74,2.85,9.77,1.11,6.72,4.11,1.94,20.54,1987-07-01
3.51,1.74,8.67,2.82,9.67,1.07,6.66,4.09,1.94,20.41,1987-08-01
3.47,1.73,8.6,2.76,9.6,1.05,6.63,4.07,1.94,20.35,1987-09-01
3.41,1.72,8.5,2.74,9.52,1.03,6.54,4.06,1.94,20.14,1987-10-01
3.39,1.71,8.43,2.7,9.46,1.03,6.42,4,1.94,19.95,1987-11-01
3.37,1.68,8.38,2.68,9.35,1.02,6.3,3.96,1.94,19.79,1987-12-01
3.33,1.67,8.33,2.66,9.3,1.01,6.29,3.91,1.94,19.63,1988-01-01
3.32,1.66,8.24,2.64,9.16,1,6.23,3.89,1.93,19.4,1988-02-01
3.28,1.63,8.19,2.63,9.12,0.98,6.17,3.81,1.92,19.26,1988-03-01
3.22,1.58,8.11,2.62,9.07,0.95,6.08,3.8,1.92,19.13,1988-04-01
3.17,1.55,8,2.6,8.97,0.93,5.91,3.78,1.92,18.9,1988-05-01
3.13,1.54,7.95,2.54,8.87,0.93,5.85,3.74,1.91,18.79,1988-06-01
3.72,1.75,8.48,2.4,9.54,1.2,6.39,4.14,2.04,20.72,1988-07-01
3.71,1.74,8.41,2.36,9.45,1.17,6.26,4.07,2.02,20.46,1988-08-01
3.68,1.74,8.33,2.34,9.35,1.17,6.18,3.98,2.02,20.27,1988-09-01
3.66,1.72,8.25,2.32,9.29,1.17,6.13,3.96,2.02,20.13,1988-10-01
3.62,1.72,8.12,2.29,9.19,1.16,6.04,3.91,2.01,19.97,1988-11-01
3.54,1.67,8.04,2.25,9.08,1.12,5.93,3.88,2.01,19.69,1988-12-01
3.5,1.65,8,2.22,8.99,1.1,5.88,3.86,2,19.52,1989-01-01
3.48,1.63,7.95,2.21,8.88,1.07,5.84,3.84,2,19.36,1989-02-01
3.45,1.63,7.91,2.19,8.74,1.07,5.78,3.81,2,19.19,1989-03-01
3.44,1.6,7.88,2.18,8.7,1.05,5.74,3.77,2,19.01,1989-04-01
3.39,1.6,7.82,2.16,8.58,1.04,5.65,3.74,1.99,18.88,1989-05-01
3.34,1.58,7.71,2.13,8.47,1.04,5.59,3.68,1.98,18.67,1989-06-01
3.38,1.66,8.4,2.23,8.86,1.14,6.19,3.98,1.97,19.85,1989-07-01
3.36,1.64,8.32,2.21,8.81,1.1,6.12,3.96,1.97,19.57,1989-08-01
3.32,1.61,8.27,2.17,8.75,1.09,6.04,3.94,1.97,19.33,1989-09-01
3.28,1.61,8.18,2.17,8.71,1.09,6.01,3.89,1.97,19.21,1989-10-01
3.24,1.6,8.14,2.16,8.61,1.09,5.94,3.87,1.97,18.97,1989-11-01
3.24,1.59,8.06,2.16,8.56,1.09,5.86,3.84,1.97,18.78,1989-12-01
3.22,1.58,7.96,2.15,8.49,1.08,5.83,3.8,1.97,18.57,1990-01-01
3.21,1.56,7.93,2.15,8.43,1.08,5.76,3.78,1.96,18.41,1990-02-01
3.19,1.56,7.86,2.14,8.36,1.08,5.72,3.77,1.96,18.23,1990-03-01
3.18,1.55,7.82,2.14,8.28,1.07,5.63,3.73,1.96,18.09,1990-04-01
3.18,1.54,7.76,2.12,8.21,1.06,5.57,3.71,1.96,17.89,1990-05-01
3.17,1.51,7.69,2.12,8.07,1.04,5.49,3.66,1.96,17.7,1990-06-01
3.46,1.58,7.94,2.32,8.75,1.14,5.88,4.28,1.97,19.21,1990-07-01
3.45,1.56,7.88,2.29,8.68,1.12,5.81,4.28,1.97,18.99,1990-08-01
3.43,1.54,7.86,2.27,8.64,1.11,5.78,4.26,1.97,18.83,1990-09-01
3.39,1.51,7.8,2.26,8.58,1.11,5.73,4.22,1.97,18.67,1990-10-01
3.38,1.51,7.76,2.25,8.51,1.09,5.67,4.17,1.94,18.51,1990-11-01
3.38,1.5,7.69,2.23,8.43,1.08,5.67,4.16,1.93,18.39,1990-12-01
3.36,1.5,7.64,2.22,8.39,1.08,5.63,4.13,1.93,18.15,1991-01-01
3.35,1.5,7.61,2.2,8.35,1.07,5.58,4.08,1.93,18.06,1991-02-01
3.31,1.5,7.55,2.19,8.27,1.06,5.57,4.05,1.93,17.96,1991-03-01
3.31,1.48,7.45,2.16,8.2,1.06,5.47,4.02,1.93,17.77,1991-04-01
3.26,1.47,7.38,2.15,8.16,1.06,5.43,4,1.93,17.61,1991-05-01
3.23,1.47,7.36,2.15,8.12,1.05,5.37,3.98,1.93,17.52,1991-06-01
3.41,1.49,7.81,2.3,8.47,1.1,5.68,4.59,1.93,18.51,1991-07-01
3.37,1.48,7.77,2.3,8.44,1.08,5.65,4.55,1.93,18.39,1991-08-01
3.36,1.47,7.77,2.29,8.38,1.07,5.62,4.54,1.93,18.27,1991-09-01
3.36,1.47,7.75,2.29,8.3,1.06,5.56,4.51,1.93,18.16,1991-10-01
3.33,1.45,7.72,2.29,8.23,1.05,5.52,4.51,1.93,18.03,1991-11-01
3.32,1.44,7.67,2.29,8.12,1.04,5.49,4.48,1.93,17.82,1991-12-01
3.31,1.43,7.63,2.27,8.06,1.04,5.46,4.46,1.93,17.66,1992-01-01
3.29,1.43,7.62,2.24,8.02,1.02,5.39,4.41,1.93,17.56,1992-02-01
3.28,1.43,7.6,2.22,7.96,1.01,5.33,4.4,1.93,17.34,1992-03-01
3.26,1.41,7.54,2.21,7.91,1,5.29,4.37,1.91,17.16,1992-04-01
3.24,1.37,7.49,2.15,7.82,1,5.25,4.33,1.91,16.98,1992-05-01
3.23,1.35,7.43,2.09,7.69,0.99,5.17,4.29,1.9,16.8,1992-06-01
3.64,1.5,7.93,2.08,8.54,1.18,6.15,5.5,1.93,18.21,1992-07-01
3.61,1.44,7.88,2.04,8.44,1.15,6.11,5.48,1.93,18.08,1992-08-01
3.61,1.43,7.85,2.02,8.41,1.15,6.06,5.42,1.93,17.95,1992-09-01
3.57,1.42,7.8,2.02,8.35,1.15,6.01,5.34,1.93,17.75,1992-10-01
3.54,1.42,7.77,2.02,8.3,1.15,5.97,5.34,1.93,17.66,1992-11-01
3.53,1.42,7.76,1.99,8.27,1.12,5.96,5.33,1.93,17.48,1992-12-01
3.51,1.42,7.72,1.99,8.19,1.12,5.95,5.32,1.93,17.3,1993-01-01
3.49,1.42,7.71,1.98,8.16,1.12,5.92,5.29,1.93,17.18,1993-02-01
3.47,1.42,7.69,1.97,8.11,1.09,5.89,5.27,1.93,16.98,1993-03-01
3.45,1.42,7.67,1.97,8.08,1.09,5.88,5.23,1.93,16.9,1993-04-01
3.44,1.42,7.63,1.97,8.05,1.09,5.88,5.19,1.93,16.8,1993-05-01
3.41,1.41,7.55,1.96,8.02,1.09,5.86,5.18,1.93,16.7,1993-06-01
3.78,1.55,7.97,2.15,9.15,1.16,6.73,5.98,1.94,18.96,1993-07-01
3.77,1.55,7.92,2.14,9.13,1.15,6.7,5.92,1.94,18.85,1993-08-01
3.77,1.54,7.89,2.14,9.09,1.14,6.68,5.88,1.94,18.79,1993-09-01
3.75,1.54,7.86,2.14,9.06,1.14,6.65,5.85,1.94,18.66,1993-10-01
3.74,1.52,7.79,2.12,9.04,1.14,6.63,5.83,1.94,18.61,1993-11-01
3.7,1.52,7.75,2.11,8.96,1.13,6.62,5.81,1.94,18.42,1993-12-01
3.67,1.52,7.74,2.11,8.94,1.13,6.58,5.8,1.92,18.22,1994-01-01
3.67,1.51,7.69,2.11,8.9,1.11,6.55,5.75,1.92,18.1,1994-02-01
3.67,1.5,7.67,2.1,8.87,1.11,6.54,5.73,1.92,17.96,1994-03-01
3.67,1.5,7.62,2.1,8.8,1.11,6.53,5.69,1.91,17.85,1994-04-01
3.67,1.5,7.59,2.07,8.73,1.11,6.5,5.63,1.91,17.73,1994-05-01
3.66,1.49,7.55,2.07,8.69,1.11,6.47,5.55,1.91,17.56,1994-06-01
4.2,1.77,8.81,2.33,10.06,1.51,7.7,6.23,1.91,20.73,1994-07-01
4.18,1.74,8.75,2.32,9.98,1.51,7.67,6.22,1.91,20.55,1994-08-01
4.16,1.74,8.75,2.29,9.9,1.48,7.59,6.18,1.91,20.39,1994-09-01
4.15,1.74,8.73,2.26,9.84,1.48,7.57,6.09,1.9,20.27,1994-10-01
4.11,1.73,8.7,2.24,9.77,1.48,7.55,6.05,1.9,20.15,1994-11-01
4.08,1.71,8.65,2.21,9.67,1.44,7.5,6,1.89,20.01,1994-12-01
4.08,1.7,8.62,2.2,9.61,1.42,7.44,5.95,1.89,19.76,1995-01-01
4.05,1.7,8.57,2.19,9.55,1.41,7.42,5.91,1.88,19.61,1995-02-01
4,1.7,8.51,2.17,9.46,1.4,7.38,5.85,1.88,19.46,1995-03-01
3.98,1.7,8.47,2.16,9.43,1.4,7.29,5.81,1.88,19.28,1995-04-01
3.92,1.7,8.41,2.15,9.41,1.36,7.21,5.74,1.86,19.11,1995-05-01
3.89,1.68,8.35,2.14,9.3,1.33,7.13,5.73,1.84,18.94,1995-06-01
4.13,1.96,9.03,2.18,10.5,1.55,7.8,6.19,1.84,21.04,1995-07-01
4.1,1.92,9.03,2.17,10.42,1.53,7.75,6.11,1.84,20.92,1995-08-01
4.09,1.91,8.98,2.16,10.4,1.48,7.71,6.06,1.83,20.8,1995-09-01
4.06,1.9,8.94,2.14,10.33,1.47,7.64,6.01,1.83,20.6,1995-10-01
4.03,1.9,8.88,2.13,10.28,1.46,7.58,5.92,1.83,20.46,1995-11-01
4.02,1.89,8.85,2.13,10.17,1.45,7.53,5.89,1.83,20.28,1995-12-01
4,1.86,8.78,2.12,10.12,1.44,7.47,5.85,1.83,19.94,1996-01-01
3.99,1.85,8.71,2.09,10.06,1.4,7.4,5.82,1.83,19.8,1996-02-01
3.99,1.84,8.62,2.08,10.03,1.4,7.4,5.78,1.83,19.62,1996-03-01
3.99,1.83,8.56,2.08,9.98,1.39,7.38,5.75,1.83,19.39,1996-04-01
3.98,1.82,8.49,2.06,9.92,1.37,7.33,5.71,1.83,19.24,1996-05-01
3.93,1.8,8.48,2.04,9.89,1.37,7.28,5.67,1.82,19.11,1996-06-01
4.27,1.93,9.27,2.14,12.4,1.72,8.09,6.96,1.84,21.96,1996-07-01
4.26,1.92,9.17,2.13,12.28,1.72,8.03,6.91,1.84,21.82,1996-08-01
4.21,1.89,9.13,2.12,12.24,1.71,7.97,6.87,1.84,21.7,1996-09-01
4.19,1.87,9.06,2.1,12.17,1.7,7.9,6.86,1.84,21.5,1996-10-01
4.16,1.87,9,2.1,12.11,1.68,7.85,6.84,1.84,21.31,1996-11-01
4.15,1.84,8.93,2.09,12.03,1.68,7.77,6.77,1.84,21.11,1996-12-01
4.15,1.84,8.85,2.07,11.94,1.65,7.67,6.72,1.84,20.93,1997-01-01
4.1,1.84,8.84,2.07,11.85,1.64,7.6,6.69,1.83,20.81,1997-02-01
4.06,1.84,8.76,2.06,11.76,1.61,7.54,6.64,1.82,20.59,1997-03-01
4.03,1.83,8.74,2.06,11.68,1.58,7.5,6.6,1.82,20.4,1997-04-01
4,1.82,8.7,2.05,11.6,1.56,7.47,6.57,1.82,20.25,1997-05-01
3.95,1.81,8.66,2.03,11.5,1.55,7.41,6.53,1.81,19.96,1997-06-01
4.17,1.93,9.34,2.19,13.35,1.85,8.23,7.32,1.82,22.49,1997-07-01
4.16,1.9,9.23,2.15,13.25,1.84,8.13,7.27,1.78,22.25,1997-08-01
4.12,1.9,9.17,2.15,13.19,1.81,8,7.17,1.78,22.1,1997-09-01
4.11,1.9,9.08,2.1,13.15,1.78,7.89,7.1,1.78,21.89,1997-10-01
4.09,1.87,9.03,2.08,13.04,1.76,7.84,7.05,1.77,21.71,1997-11-01
4.04,1.86,8.94,2.04,12.89,1.71,7.73,6.98,1.76,21.39,1997-12-01
3.98,1.85,8.86,2.02,12.78,1.68,7.63,6.93,1.73,21.21,1998-01-01
3.93,1.84,8.83,2.01,12.65,1.66,7.55,6.89,1.73,20.95,1998-02-01
3.89,1.82,8.79,1.97,12.55,1.61,7.43,6.8,1.72,20.64,1998-03-01
3.86,1.8,8.7,1.96,12.44,1.6,7.37,6.77,1.7,20.35,1998-04-01
3.83,1.78,8.68,1.93,12.29,1.59,7.31,6.71,1.69,20.12,1998-05-01
3.77,1.78,8.56,1.92,12.14,1.51,7.25,6.64,1.65,19.85,1998-06-01
4.19,1.84,8.93,2.07,13.61,1.75,7.88,7.27,1.66,22.12,1998-07-01
4.16,1.82,8.88,2.02,13.47,1.72,7.78,7.19,1.66,21.86,1998-08-01
4.11,1.8,8.8,1.99,13.22,1.7,7.65,7.11,1.64,21.68,1998-09-01
4.05,1.78,8.67,1.99,12.98,1.65,7.51,6.91,1.62,21.36,1998-10-01
4,1.77,8.61,1.98,12.87,1.61,7.46,6.82,1.62,21.15,1998-11-01
3.91,1.77,8.54,1.96,12.72,1.58,7.38,6.72,1.62,20.83,1998-12-01
3.86,1.73,8.43,1.93,12.57,1.55,7.29,6.64,1.62,20.56,1999-01-01
3.83,1.68,8.31,1.93,12.46,1.52,7.21,6.58,1.61,20.32,1999-02-01
3.8,1.66,8.23,1.85,12.28,1.47,7.05,6.45,1.59,20.05,1999-03-01
3.75,1.65,8.13,1.81,12.16,1.44,6.95,6.39,1.59,19.86,1999-04-01
3.72,1.64,8.1,1.76,11.99,1.4,6.85,6.35,1.58,19.68,1999-05-01
3.67,1.6,8.03,1.74,11.78,1.38,6.79,6.25,1.58,19.44,1999-06-01
3.73,1.59,8.15,1.78,13.2,1.61,7.04,6.29,1.58,20.77,1999-07-01
3.71,1.57,7.99,1.72,13.05,1.57,6.96,6.23,1.56,20.58,1999-08-01
3.66,1.56,7.91,1.69,12.89,1.55,6.88,6.11,1.55,20.38,1999-09-01
3.62,1.55,7.81,1.68,12.75,1.51,6.85,6.05,1.53,20.1,1999-10-01
3.59,1.55,7.64,1.66,12.58,1.48,6.81,5.88,1.51,19.85,1999-11-01
3.52,1.52,7.57,1.64,12.38,1.47,6.72,5.8,1.51,19.63,1999-12-01
3.51,1.5,7.55,1.63,12.23,1.45,6.66,5.75,1.49,19.43,2000-01-01
3.49,1.48,7.47,1.63,12.07,1.42,6.62,5.69,1.45,19.23,2000-02-01
3.45,1.48,7.4,1.62,11.95,1.41,6.59,5.67,1.43,18.83,2000-03-01
3.43,1.47,7.38,1.6,11.81,1.41,6.52,5.64,1.39,18.6,2000-04-01
3.38,1.44,7.33,1.59,11.69,1.38,6.49,5.58,1.38,18.47,2000-05-01
3.31,1.43,7.22,1.58,11.53,1.35,6.44,5.53,1.37,18.21,2000-06-01
3.42,1.41,7.31,1.68,14.65,1.89,6.81,5.99,1.37,19.43,2000-07-01
3.36,1.41,7.25,1.67,14.52,1.86,6.72,5.92,1.36,19.28,2000-08-01
3.34,1.4,7.15,1.65,14.36,1.86,6.63,5.83,1.3,19.11,2000-09-01
3.25,1.35,7.05,1.64,14.17,1.85,6.53,5.75,1.29,18.79,2000-10-01
3.22,1.33,6.96,1.63,14.03,1.83,6.39,5.61,1.25,18.55,2000-11-01
3.14,1.31,6.89,1.6,13.84,1.81,6.28,5.5,1.23,18.37,2000-12-01
3.1,1.31,6.76,1.58,13.67,1.79,6.17,5.46,1.21,18.05,2001-01-01
3.08,1.3,6.74,1.56,13.51,1.76,6.08,5.4,1.21,17.85,2001-02-01
3.03,1.3,6.71,1.52,13.32,1.72,6,5.36,1.19,17.69,2001-03-01
2.99,1.3,6.6,1.52,13.08,1.65,5.91,5.28,1.19,17.44,2001-04-01
2.94,1.27,6.49,1.5,12.82,1.6,5.79,5.22,1.18,17.26,2001-05-01
2.9,1.25,6.44,1.49,12.6,1.57,5.74,5.19,1.17,17,2001-06-01
2.87,1.23,6.64,1.68,13.8,1.68,5.77,5.68,1.23,17.41,2001-07-01
2.83,1.21,6.59,1.63,13.39,1.64,5.63,5.64,1.23,17.22,2001-08-01
2.81,1.2,6.56,1.61,13.28,1.63,5.56,5.61,1.23,17.04,2001-09-01
2.78,1.19,6.52,1.6,13.13,1.61,5.51,5.59,1.22,16.89,2001-10-01
2.74,1.19,6.45,1.58,12.93,1.55,5.41,5.55,1.21,16.65,2001-11-01
2.7,1.16,6.42,1.57,12.79,1.53,5.39,5.53,1.21,16.42,2001-12-01
2.66,1.16,6.38,1.54,12.65,1.51,5.32,5.51,1.2,16.21,2002-01-01
2.63,1.14,6.33,1.54,12.55,1.46,5.3,5.49,1.18,16,2002-02-01
2.61,1.14,6.28,1.53,12.45,1.42,5.22,5.48,1.18,15.84,2002-03-01
2.6,1.11,6.2,1.52,12.29,1.39,5.2,5.42,1.17,15.68,2002-04-01
2.58,1.11,6.17,1.51,12.13,1.35,5.18,5.41,1.17,15.57,2002-05-01
2.57,1.11,6.12,1.51,11.99,1.3,5.13,5.36,1.16,15.53,2002-06-01
2.63,1.15,6.1,1.48,12.33,1.36,5.21,5.67,1.15,15.91,2002-07-01
2.62,1.14,6.05,1.48,12.08,1.34,5.17,5.64,1.14,15.71,2002-08-01
2.59,1.14,6.02,1.47,11.93,1.32,5.17,5.62,1.14,15.61,2002-09-01
2.56,1.14,5.97,1.43,11.74,1.31,5.12,5.57,1.14,15.46,2002-10-01
2.56,1.13,5.9,1.42,11.63,1.26,5.1,5.55,1.14,15.35,2002-11-01
2.55,1.11,5.86,1.41,11.49,1.2,5.08,5.48,1.14,15.26,2002-12-01
2.54,1.1,5.79,1.41,11.34,1.18,5.04,5.44,1.13,15.09,2003-01-01
2.53,1.08,5.74,1.41,11.18,1.18,5.03,5.39,1.13,15.01,2003-02-01
2.49,1.08,5.69,1.4,10.89,1.16,5,5.27,1.13,14.86,2003-03-01
2.47,1.04,5.67,1.39,10.77,1.14,4.94,5.22,1.12,14.81,2003-04-01
2.45,1.04,5.65,1.38,10.65,1.12,4.88,5.21,1.12,14.68,2003-05-01
2.43,1.04,5.64,1.37,10.5,1.12,4.82,5.16,1.12,14.61,2003-06-01
2.41,1.04,5.7,1.44,10.58,1.2,4.9,5.18,1.11,15.08,2003-07-01
2.39,1.03,5.67,1.43,10.43,1.19,4.87,5.14,1.11,14.94,2003-08-01
2.36,1.02,5.65,1.43,10.33,1.18,4.85,5.13,1.1,14.88,2003-09-01
2.35,1.01,5.62,1.42,10.2,1.18,4.81,5.12,1.1,14.79,2003-10-01
2.35,1.01,5.6,1.42,10.08,1.17,4.77,5.1,1.1,14.63,2003-11-01
2.34,1.01,5.55,1.41,10,1.15,4.71,5.09,1.1,14.5,2003-12-01
2.31,1,5.54,1.39,9.93,1.15,4.68,5.06,1.1,14.37,2004-01-01
2.3,0.99,5.53,1.37,9.85,1.15,4.67,5.03,1.1,14.28,2004-02-01
2.3,0.98,5.48,1.37,9.72,1.14,4.66,5.02,1.1,14.22,2004-03-01
2.28,0.98,5.46,1.37,9.67,1.14,4.59,4.99,1.1,14.08,2004-04-01
2.28,0.97,5.44,1.35,9.64,1.13,4.54,4.97,1.1,13.93,2004-05-01
2.26,0.97,5.42,1.34,9.56,1.12,4.53,4.93,1.1,13.82,2004-06-01
2.29,1.04,5.41,1.41,9.95,1.29,4.68,5.5,1.11,14.67,2004-07-01
2.28,1.04,5.39,1.41,9.87,1.27,4.61,5.47,1.11,14.6,2004-08-01
2.26,1.04,5.36,1.4,9.86,1.27,4.6,5.47,1.11,14.48,2004-09-01
2.25,1.03,5.33,1.4,9.78,1.26,4.56,5.46,1.11,14.36,2004-10-01
2.25,1.02,5.3,1.4,9.7,1.24,4.51,5.45,1.11,14.25,2004-11-01
2.22,1.01,5.27,1.4,9.64,1.23,4.5,5.42,1.09,14.13,2004-12-01
2.22,1.01,5.2,1.4,9.6,1.23,4.49,5.39,1.09,13.93,2005-01-01
2.2,1,5.18,1.4,9.55,1.22,4.48,5.38,1.09,13.8,2005-02-01
2.19,0.98,5.11,1.39,9.53,1.21,4.44,5.37,1.09,13.72,2005-03-01
2.17,0.97,5.08,1.38,9.47,1.2,4.41,5.35,1.09,13.64,2005-04-01
2.16,0.96,5.05,1.37,9.38,1.19,4.38,5.32,1.09,13.53,2005-05-01
2.14,0.96,5.03,1.36,9.27,1.17,4.37,5.3,1.09,13.47,2005-06-01
2.24,1,5.23,1.52,9.77,1.36,4.61,5.67,1.13,14.37,2005-07-01
2.21,0.97,5.2,1.5,9.67,1.32,4.58,5.63,1.13,14.27,2005-08-01
2.21,0.97,5.17,1.5,9.58,1.32,4.54,5.58,1.13,14.2,2005-09-01
2.16,0.96,5.12,1.49,9.51,1.31,4.48,5.53,1.13,14.15,2005-10-01
2.15,0.96,5.12,1.49,9.43,1.27,4.44,5.47,1.12,14.09,2005-11-01
2.13,0.95,5.08,1.47,9.38,1.26,4.39,5.44,1.12,13.95,2005-12-01
2.1,0.94,5.07,1.46,9.26,1.25,4.38,5.38,1.12,13.84,2006-01-01
2.1,0.94,5.04,1.46,9.14,1.22,4.31,5.34,1.12,13.79,2006-02-01
2.09,0.93,5.04,1.46,9.08,1.2,4.27,5.3,1.12,13.7,2006-03-01
2.09,0.92,5.01,1.45,9.01,1.2,4.25,5.23,1.11,13.63,2006-04-01
2.07,0.92,5,1.44,8.93,1.18,4.22,5.19,1.1,13.56,2006-05-01
2.05,0.92,4.97,1.44,8.87,1.17,4.18,5.17,1.1,13.49,2006-06-01
2.19,1.05,5.14,1.65,9.21,1.25,4.39,5.72,1.13,14.38,2006-07-01
2.18,1.05,5.13,1.64,9.13,1.24,4.37,5.71,1.12,14.31,2006-08-01
2.18,1.04,5.1,1.64,9.1,1.23,4.32,5.7,1.12,14.25,2006-09-01
2.17,1.03,5.06,1.63,8.99,1.22,4.3,5.69,1.12,14.16,2006-10-01
2.16,1,5.05,1.63,8.96,1.2,4.24,5.61,1.12,14.05,2006-11-01
2.14,1,4.99,1.62,8.87,1.17,4.23,5.56,1.12,13.95,2006-12-01
2.12,0.99,4.95,1.61,8.77,1.14,4.2,5.49,1.12,13.81,2007-01-01
2.12,0.97,4.92,1.61,8.67,1.14,4.18,5.47,1.11,13.69,2007-02-01
2.1,0.97,4.9,1.59,8.59,1.12,4.15,5.45,1.11,13.63,2007-03-01
2.1,0.96,4.81,1.59,8.5,1.11,4.13,5.38,1.1,13.5,2007-04-01
2.07,0.96,4.78,1.59,8.4,1.11,4.1,5.37,1.09,13.42,2007-05-01
2.05,0.96,4.72,1.56,8.32,1.11,4.06,5.33,1.08,13.34,2007-06-01
2.09,1.02,5.01,1.73,8.82,1.26,4.18,5.75,1.09,14.19,2007-07-01
2.05,1.01,4.99,1.73,8.73,1.25,4.15,5.69,1.08,14.04,2007-08-01
2.04,1.01,4.97,1.73,8.62,1.24,4.11,5.66,1.08,13.96,2007-09-01
2.04,1,4.95,1.73,8.51,1.24,4.04,5.62,1.07,13.8,2007-10-01
2.03,0.99,4.92,1.72,8.45,1.2,3.96,5.54,1.06,13.7,2007-11-01
2,0.98,4.87,1.72,8.35,1.2,3.93,5.51,1.06,13.58,2007-12-01
2,0.97,4.86,1.72,8.28,1.19,3.92,5.46,1.05,13.52,2008-01-01
1.99,0.97,4.82,1.7,8.25,1.17,3.91,5.42,1.05,13.39,2008-02-01
1.99,0.97,4.8,1.67,8.19,1.16,3.88,5.36,1.05,13.27,2008-03-01
1.98,0.96,4.76,1.66,8.14,1.15,3.84,5.29,1.05,13.16,2008-04-01
1.96,0.96,4.73,1.65,8.05,1.14,3.79,5.2,1.05,13.09,2008-05-01
1.96,0.96,4.71,1.65,7.99,1.14,3.78,5.17,1.05,12.99,2008-06-01
2.05,1.03,5,1.81,8.4,1.17,3.82,5.54,1.05,13.6,2008-07-01
2.04,1.03,4.97,1.79,8.29,1.16,3.78,5.49,1.05,13.55,2008-08-01
2.02,1.03,4.95,1.79,8.17,1.15,3.75,5.44,1.04,13.46,2008-09-01
2,1.03,4.93,1.79,8.08,1.14,3.69,5.37,1.04,13.34,2008-10-01
1.95,1.02,4.9,1.76,8,1.13,3.67,5.35,1.04,13.23,2008-11-01
1.94,1.02,4.88,1.75,7.94,1.12,3.65,5.27,1.03,13.13,2008-12-01
1.92,1.01,4.85,1.75,7.91,1.11,3.62,5.19,1.03,13.02,2009-01-01
1.91,0.98,4.82,1.75,7.85,1.1,3.61,5.14,1.02,12.94,2009-02-01
1.91,0.96,4.75,1.73,7.8,1.09,3.6,5.06,1.02,12.84,2009-03-01
1.9,0.95,4.68,1.72,7.71,1.08,3.58,5.03,1.02,12.74,2009-04-01
1.9,0.93,4.65,1.7,7.67,1.08,3.58,4.94,1.02,12.67,2009-05-01
1.89,0.91,4.63,1.7,7.57,1.05,3.57,4.87,1.02,12.61,2009-06-01
1.9,0.94,4.69,1.73,7.57,1.09,3.58,5,1.03,12.87,2009-07-01
1.89,0.93,4.67,1.72,7.52,1.09,3.56,4.96,1.03,12.8,2009-08-01
1.88,0.92,4.66,1.72,7.52,1.08,3.55,4.91,1.03,12.71,2009-09-01
1.88,0.92,4.65,1.71,7.45,1.07,3.53,4.86,1.02,12.63,2009-10-01
1.88,0.91,4.62,1.68,7.41,1.02,3.48,4.81,1.02,12.54,2009-11-01
1.86,0.91,4.59,1.68,7.37,1,3.47,4.76,1.02,12.44,2009-12-01
1.86,0.91,4.59,1.68,7.31,0.99,3.44,4.71,1.02,12.33,2010-01-01
1.85,0.91,4.56,1.68,7.24,0.98,3.43,4.68,1.02,12.25,2010-02-01
1.81,0.91,4.54,1.65,7.21,0.98,3.41,4.62,1.02,12.19,2010-03-01
1.81,0.91,4.52,1.64,7.1,0.98,3.41,4.62,1.02,12.08,2010-04-01
1.8,0.91,4.5,1.63,7.08,0.97,3.39,4.61,1.02,12,2010-05-01
1.8,0.91,4.49,1.61,7.08,0.96,3.38,4.59,1.02,11.92,2010-06-01
1.85,0.93,4.72,1.72,7.33,1.03,3.49,4.83,1.03,12.24,2010-07-01
1.85,0.93,4.7,1.72,7.27,1.02,3.46,4.8,1.03,12.22,2010-08-01
1.84,0.92,4.67,1.69,7.22,1.02,3.46,4.77,1.02,12.19,2010-09-01
1.84,0.92,4.67,1.68,7.11,1.01,3.44,4.72,1.02,12.11,2010-10-01
1.83,0.91,4.63,1.67,7.04,1.01,3.43,4.67,1.02,12.03,2010-11-01
1.82,0.91,4.59,1.64,6.94,1.01,3.42,4.6,1,11.91,2010-12-01
1.82,0.9,4.55,1.64,6.89,1.01,3.41,4.57,1,11.82,2011-01-01
1.82,0.89,4.54,1.62,6.82,1.01,3.4,4.53,0.98,11.8,2011-02-01
1.8,0.86,4.5,1.62,6.79,0.99,3.38,4.5,0.98,11.74,2011-03-01
1.78,0.86,4.49,1.61,6.69,0.98,3.36,4.45,0.98,11.62,2011-04-01
1.77,0.86,4.46,1.61,6.63,0.98,3.33,4.43,0.98,11.54,2011-05-01
1.75,0.86,4.45,1.57,6.56,0.97,3.3,4.33,0.97,11.44,2011-06-01
1.74,0.94,4.56,1.65,6.9,1.03,3.37,4.61,0.99,11.76,2011-07-01
1.73,0.94,4.55,1.64,6.85,1.03,3.37,4.59,0.99,11.74,2011-08-01
1.72,0.94,4.54,1.62,6.82,1.01,3.37,4.57,0.98,11.69,2011-09-01
1.71,0.94,4.52,1.62,6.76,1.01,3.36,4.53,0.98,11.62,2011-10-01
1.7,0.93,4.48,1.61,6.69,1.01,3.34,4.5,0.97,11.52,2011-11-01
1.67,0.93,4.45,1.58,6.65,1,3.33,4.48,0.96,11.44,2011-12-01
1.67,0.93,4.43,1.57,6.58,0.99,3.31,4.46,0.95,11.36,2012-01-01
1.67,0.93,4.42,1.56,6.51,0.99,3.29,4.41,0.95,11.31,2012-02-01
1.67,0.93,4.4,1.55,6.47,0.99,3.28,4.38,0.93,11.26,2012-03-01
1.66,0.93,4.39,1.55,6.44,0.99,3.26,4.34,0.92,11.2,2012-04-01
1.66,0.92,4.37,1.54,6.41,0.99,3.25,4.33,0.91,11.11,2012-05-01
1.63,0.92,4.35,1.53,6.4,0.99,3.22,4.29,0.9,11.04,2012-06-01
1.67,0.94,4.35,1.65,6.75,1.03,3.31,4.49,0.9,11.32,2012-07-01
1.67,0.93,4.34,1.62,6.68,1.03,3.29,4.4,0.9,11.3,2012-08-01
1.65,0.93,4.32,1.62,6.66,1.03,3.27,4.36,0.9,11.2,2012-09-01
1.64,0.92,4.29,1.58,6.61,1.03,3.23,4.35,0.9,11.12,2012-10-01
1.64,0.92,4.27,1.57,6.55,1.01,3.22,4.34,0.9,11.07,2012-11-01
1.64,0.91,4.22,1.56,6.47,1,3.22,4.28,0.89,11,2012-12-01
1.62,0.91,4.21,1.56,6.46,0.99,3.19,4.26,0.89,10.98,2013-01-01
1.59,0.91,4.2,1.56,6.44,0.98,3.16,4.25,0.89,10.92,2013-02-01
1.59,0.9,4.19,1.56,6.39,0.98,3.16,4.21,0.89,10.86,2013-03-01
1.59,0.89,4.17,1.54,6.31,0.98,3.13,4.2,0.89,10.79,2013-04-01
1.57,0.89,4.15,1.52,6.28,0.97,3.11,4.19,0.89,10.72,2013-05-01
1.54,0.89,4.15,1.51,6.24,0.96,3.09,4.15,0.88,10.66,2013-06-01
1.58,0.9,4.22,1.56,6.61,0.96,3.24,4.55,0.88,10.93,2013-07-01
1.56,0.89,4.2,1.55,6.56,0.95,3.24,4.53,0.88,10.91,2013-08-01
1.55,0.88,4.19,1.54,6.51,0.94,3.24,4.52,0.88,10.87,2013-09-01
1.54,0.87,4.16,1.53,6.47,0.94,3.22,4.46,0.88,10.85,2013-10-01
1.52,0.86,4.15,1.52,6.4,0.94,3.15,4.45,0.88,10.8,2013-11-01
1.52,0.86,4.15,1.51,6.36,0.92,3.14,4.44,0.87,10.76,2013-12-01
1.52,0.86,4.15,1.51,6.33,0.92,3.12,4.39,0.87,10.72,2014-01-01
1.5,0.86,4.08,1.51,6.29,0.92,3.1,4.36,0.87,10.66,2014-02-01
1.5,0.85,4.06,1.49,6.29,0.91,3.1,4.35,0.87,10.63,2014-03-01
1.49,0.85,4.05,1.48,6.26,0.9,3.09,4.34,0.87,10.58,2014-04-01
1.47,0.85,4.02,1.48,6.25,0.9,3.08,4.32,0.87,10.53,2014-05-01
1.46,0.85,4.02,1.47,6.21,0.89,3.08,4.31,0.87,10.49,2014-06-01
1.52,0.88,4.16,1.65,6.73,0.92,3.26,5.3,0.88,10.98,2014-07-01
1.51,0.88,4.16,1.65,6.72,0.92,3.23,5.28,0.87,10.94,2014-08-01
1.5,0.88,4.16,1.64,6.7,0.91,3.23,5.25,0.87,10.9,2014-09-01
1.49,0.87,4.16,1.62,6.65,0.9,3.21,5.24,0.87,10.86,2014-10-01
1.49,0.86,4.15,1.61,6.63,0.89,3.2,5.19,0.87,10.8,2014-11-01
1.49,0.85,4.14,1.6,6.56,0.88,3.18,5.18,0.87,10.76,2014-12-01
1.48,0.85,4.13,1.59,6.5,0.88,3.16,5.15,0.87,10.72,2015-01-01
1.48,0.85,4.1,1.58,6.45,0.88,3.12,5.12,0.87,10.67,2015-02-01
1.47,0.85,4.09,1.56,6.41,0.88,3.1,5.09,0.87,10.61,2015-03-01
1.47,0.84,4.09,1.56,6.37,0.87,3.1,5.06,0.87,10.54,2015-04-01
1.47,0.83,4.09,1.55,6.32,0.87,3.1,5.02,0.87,10.53,2015-05-01
1.45,0.83,4.07,1.54,6.27,0.87,3.1,5.01,0.86,10.47,2015-06-01
1.43,0.83,4.15,1.54,6.64,0.86,3.24,5.91,0.88,11.07,2015-07-01
1.43,0.82,4.13,1.53,6.61,0.86,3.2,5.89,0.88,11.04,2015-08-01
1.42,0.82,4.07,1.52,6.58,0.86,3.2,5.87,0.88,11,2015-09-01
1.41,0.81,4.05,1.5,6.49,0.86,3.19,5.82,0.88,10.9,2015-10-01
1.41,0.81,4.04,1.49,6.45,0.86,3.19,5.79,0.88,10.85,2015-11-01
1.41,0.81,4.02,1.48,6.42,0.83,3.17,5.76,0.87,10.74,2015-12-01
1.4,0.81,3.99,1.4,6.37,0.83,3.15,5.74,0.87,10.66,2016-01-01
1.39,0.81,3.97,1.39,6.31,0.83,3.14,5.69,0.87,10.58,2016-02-01
1.38,0.81,3.95,1.37,6.28,0.83,3.14,5.69,0.86,10.49,2016-03-01
1.36,0.8,3.91,1.36,6.25,0.83,3.11,5.68,0.85,10.46,2016-04-01
1.35,0.8,3.9,1.33,6.19,0.79,3.08,5.63,0.85,10.37,2016-05-01
1.35,0.79,3.89,1.32,6.14,0.78,3.08,5.61,0.85,10.32,2016-06-01
1.4,0.82,3.97,1.31,6.31,0.81,3.15,6.11,0.84,10.7,2016-07-01
1.38,0.82,3.96,1.31,6.25,0.81,3.15,6.05,0.84,10.6,2016-08-01
1.38,0.82,3.93,1.29,6.18,0.8,3.13,6,0.83,10.51,2016-09-01
1.36,0.81,3.93,1.29,6.12,0.8,3.12,5.95,0.81,10.48,2016-10-01
1.36,0.8,3.92,1.28,6.01,0.8,3.12,5.91,0.81,10.45,2016-11-01
1.36,0.8,3.91,1.28,5.96,0.78,3.1,5.88,0.8,10.37,2016-12-01
1.36,0.79,3.89,1.28,5.93,0.76,3.1,5.87,0.79,10.35,2017-01-01
1.36,0.79,3.88,1.28,5.88,0.75,3.08,5.82,0.78,10.3,2017-02-01
1.36,0.78,3.87,1.27,5.85,0.75,3.05,5.77,0.78,10.24,2017-03-01
1.35,0.77,3.83,1.25,5.8,0.75,3.05,5.74,0.78,10.17,2017-04-01
1.34,0.77,3.81,1.24,5.77,0.75,3.04,5.72,0.78,10.08,2017-05-01
1.33,0.76,3.79,1.23,5.73,0.75,3.02,5.7,0.78,9.99,2017-06-01
1.38,0.79,3.91,1.44,6.03,0.76,3.08,6.15,0.8,10.53,2017-07-01
1.38,0.79,3.91,1.43,5.96,0.75,3.07,6.12,0.79,10.51,2017-08-01
1.37,0.79,3.87,1.43,5.89,0.75,3.03,6.1,0.78,10.46,2017-09-01
1.37,0.79,3.86,1.42,5.82,0.74,3.03,6.04,0.78,10.35,2017-10-01
1.37,0.79,3.85,1.4,5.77,0.71,3,6,0.78,10.25,2017-11-01
1.34,0.79,3.85,1.38,5.74,0.71,2.98,5.95,0.78,10.15,2017-12-01
1.32,0.79,3.85,1.38,5.72,0.71,2.96,5.95,0.78,10.1,2018-01-01
1.32,0.79,3.82,1.38,5.68,0.7,2.95,5.89,0.78,10.05,2018-02-01
1.3,0.78,3.8,1.38,5.67,0.68,2.94,5.86,0.78,10.02,2018-03-01
1.28,0.78,3.8,1.34,5.64,0.68,2.92,5.82,0.78,9.94,2018-04-01
1.28,0.78,3.79,1.33,5.6,0.68,2.91,5.81,0.78,9.92,2018-05-01
1.26,0.78,3.77,1.33,5.57,0.67,2.9,5.79,0.77,9.87,2018-06-01
1.34,0.83,3.86,1.42,6.01,0.66,2.91,6.43,0.77,10.46,2018-07-01
1.34,0.83,3.85,1.42,5.96,0.66,2.9,6.41,0.77,10.42,2018-08-01
1.34,0.83,3.85,1.41,5.94,0.66,2.89,6.39,0.77,10.39,2018-09-01
1.32,0.83,3.83,1.39,5.89,0.66,2.86,6.36,0.77,10.31,2018-10-01
1.31,0.83,3.79,1.38,5.86,0.66,2.84,6.32,0.76,10.25,2018-11-01
1.31,0.82,3.78,1.37,5.78,0.66,2.82,6.29,0.76,10.21,2018-12-01
1.31,0.82,3.78,1.36,5.73,0.66,2.8,6.27,0.75,10.14,2019-01-01
1.31,0.82,3.78,1.33,5.65,0.66,2.8,6.25,0.74,10.11,2019-02-01
1.3,0.82,3.78,1.31,5.6,0.64,2.78,6.22,0.74,10.06,2019-03-01
1.3,0.82,3.75,1.31,5.58,0.63,2.75,6.18,0.74,10.01,2019-04-01
1.3,0.81,3.74,1.3,5.57,0.63,2.74,6.18,0.74,9.97,2019-05-01
1.3,0.81,3.73,1.3,5.55,0.63,2.72,6.15,0.74,9.96,2019-06-01
1.35,0.84,3.78,1.41,5.83,0.66,2.83,6.95,0.77,10.28,2019-07-01
1.35,0.83,3.77,1.39,5.78,0.66,2.81,6.94,0.77,10.22,2019-08-01
1.34,0.82,3.76,1.37,5.73,0.65,2.79,6.93,0.77,10.16,2019-09-01
1.33,0.82,3.74,1.35,5.68,0.65,2.77,6.91,0.76,10.12,2019-10-01
1.31,0.82,3.73,1.33,5.67,0.65,2.75,6.86,0.76,10.05,2019-11-01
1.31,0.82,3.71,1.3,5.63,0.64,2.73,6.82,0.76,9.96,2019-12-01
1.31,0.82,3.69,1.28,5.62,0.64,2.72,6.76,0.76,9.9,2020-01-01
1.3,0.82,3.67,1.27,5.61,0.64,2.69,6.73,0.76,9.87,2020-02-01
1.29,0.82,3.65,1.27,5.57,0.63,2.68,6.73,0.76,9.86,2020-03-01
1.29,0.82,3.64,1.25,5.53,0.61,2.68,6.69,0.75,9.83,2020-04-01
1.28,0.8,3.62,1.24,5.52,0.6,2.66,6.67,0.75,9.79,2020-05-01
1.28,0.8,3.6,1.2,5.49,0.6,2.61,6.64,0.75,9.75,2020-06-01
1.31,0.83,3.63,1.22,5.69,0.62,2.72,7.24,0.74,10.2,2020-07-01
1.31,0.83,3.63,1.2,5.65,0.61,2.68,7.24,0.74,10.14,2020-08-01
1.3,0.82,3.62,1.18,5.62,0.61,2.68,7.23,0.74,10.12,2020-09-01
1.3,0.82,3.61,1.15,5.6,0.61,2.68,7.17,0.74,10.05,2020-10-01
1.3,0.82,3.61,1.13,5.6,0.6,2.68,7.14,0.74,10.04,2020-11-01
1.3,0.82,3.61,1.13,5.58,0.59,2.64,7.1,0.74,10.03,2020-12-01
1.3,0.82,3.61,1.1,5.56,0.59,2.61,7.07,0.74,10.02,2021-01-01
1.3,0.82,3.6,1.1,5.54,0.58,2.61,7.04,0.74,9.99,2021-02-01
1.3,0.82,3.6,1.09,5.52,0.58,2.61,7.01,0.74,9.96,2021-03-01
1.3,0.82,3.6,1.08,5.44,0.57,2.6,6.98,0.74,9.93,2021-04-01
1.29,0.82,3.6,1.08,5.41,0.56,2.6,6.98,0.74,9.88,2021-05-01
1.29,0.82,3.59,1.08,5.38,0.55,2.59,6.97,0.74,9.84,2021-06-01
1.39,0.89,3.78,1.18,6.46,0.55,2.82,8.4,0.73,12.17,2021-07-01
1.39,0.89,3.77,1.17,6.43,0.55,2.82,8.38,0.73,12.12,2021-08-01
1.39,0.89,3.76,1.17,6.41,0.53,2.8,8.37,0.73,12.07,2021-09-01
1.39,0.88,3.75,1.16,6.36,0.53,2.8,8.35,0.73,11.96,2021-10-01
1.39,0.88,3.72,1.14,6.34,0.52,2.79,8.31,0.73,11.86,2021-11-01
1.38,0.87,3.72,1.12,6.31,0.52,2.79,8.28,0.73,11.8,2021-12-01
1.38,0.86,3.72,1.12,6.31,0.52,2.79,8.27,0.73,11.71,2022-01-01
1.38,0.86,3.71,1.11,6.28,0.52,2.79,8.27,0.73,11.63,2022-02-01
1.37,0.86,3.68,1.1,6.24,0.52,2.78,8.23,0.73,11.61,2022-03-01
1.36,0.85,3.66,1.1,6.22,0.51,2.78,8.22,0.73,11.54,2022-04-01
1.36,0.85,3.64,1.09,6.19,0.51,2.76,8.18,0.73,11.47,2022-05-01
1.36,0.84,3.63,1.07,6.15,0.51,2.76,8.15,0.73,11.43,2022-06-01
1.52,0.98,3.86,1.12,7.18,0.56,2.99,9.36,0.77,13.29,2022-07-01
1.52,0.97,3.85,1.12,7.15,0.56,2.99,9.3,0.77,13.23,2022-08-01
1.52,0.97,3.84,1.12,7.08,0.55,2.98,9.28,0.77,13.2,2022-09-01
1.52,0.97,3.83,1.11,7,0.55,2.97,9.23,0.77,13.05,2022-10-01
1.52,0.96,3.83,1.09,6.97,0.55,2.97,9.2,0.77,12.97,2022-11-01
1.5,0.96,3.83,1.08,6.93,0.54,2.96,9.14,0.76,12.35,2022-12-01
1.5,0.96,3.82,1.08,6.89,0.54,2.94,9.04,0.76,12.26,2023-01-01
1.49,0.94,3.82,1.08,6.82,0.54,2.94,8.96,0.75,12.18,2023-02-01
1.49,0.94,3.78,1.08,6.78,0.54,2.93,8.86,0.75,11.98,2023-03-01
1.49,0.94,3.78,1.08,6.77,0.54,2.93,8.79,0.75,11.87,2023-04-01
1.48,0.94,3.77,1.08,6.73,0.53,2.91,8.74,0.75,11.74,2023-05-01
1.48,0.94,3.76,1.07,6.69,0.53,2.89,8.64,0.75,11.63,2023-06-01
1.54,0.95,3.86,1.15,6.91,0.55,2.92,8.98,0.76,11.94,2023-07-01
1.53,0.94,3.84,1.14,6.86,0.55,2.9,8.91,0.76,11.78,2023-08-01
1.53,0.93,3.84,1.13,6.84,0.55,2.9,8.82,0.76,11.7,2023-09-01
1.53,0.93,3.81,1.13,6.79,0.55,2.87,8.71,0.76,11.59,2023-10-01
1.51,0.93,3.77,1.11,6.71,0.55,2.85,8.59,0.76,11.53,2023-11-01
1.51,0.93,3.76,1.11,6.64,0.54,2.84,8.49,0.76,11.31,2023-12-01
1.51,0.93,3.75,1.11,6.62,0.52,2.83,8.44,0.76,11.26,2024-01-01
1.49,0.93,3.75,1.1,6.59,0.51,2.81,8.34,0.76,11.21,2024-02-01
1.47,0.92,3.73,1.1,6.55,0.51,2.78,8.27,0.76,11.09,2024-03-01
1.47,0.92,3.71,1.09,6.53,0.51,2.78,8.18,0.76,10.96,2024-04-01
1.47,0.9,3.69,1.08,6.52,0.51,2.77,8.07,0.76,10.85,2024-05-01
1.47,0.89,3.69,1.08,6.46,0.51,2.77,7.99,0.75,10.76,2024-06-01
1.47,0.92,3.78,1.05,6.52,0.52,2.86,8.31,0.74,11.51,2024-07-01
1.45,0.92,3.76,1.04,6.47,0.51,2.84,8.25,0.74,11.37,2024-08-01
1.44,0.92,3.74,1.03,6.44,0.5,2.82,8.19,0.74,11.23,2024-09-01
1.42,0.92,3.73,1.02,6.39,0.5,2.79,8.13,0.73,11.12,2024-10-01
1.42,0.92,3.71,1,6.36,0.5,2.78,8.1,0.73,10.96,2024-11-01
1.4,0.91,3.7,0.99,6.34,0.49,2.75,8,0.72,10.83,2024-12-01
1.6025999999999998,3.7806,2.4063,7.386900000000001,3.9693,13.9947,1.6163999999999998,7.3042,3.2749,1.7146000000000001,1970-01-01
1.5375,3.4648000000000003,2.2295,6.5158000000000005,3.6093,13.635299999999999,1.5188,6.7805,3.1247000000000003,1.5615,1970-02-01
1.6038999999999999,3.6318,2.3333,6.8132,3.7043,14.5767,1.5936000000000001,7.138400000000001,3.3679,1.7069999999999999,1970-03-01
1.5869,3.802,2.3298,6.775499999999999,3.6430000000000002,14.874400000000001,1.5646,6.7702,3.4509,1.6797,1970-04-01
1.4244999999999999,3.4888999999999997,2.1313999999999997,6.1468,3.1201,13.566500000000001,1.3951,6.0834,3.161,1.4479,1970-05-01
1.3218,3.2382,1.9611,6.301799999999999,2.8152,12.9129,1.2688,5.5894,2.9733,1.3292,1970-06-01
1.2354,2.9010000000000002,1.8185,5.8241,2.5025,11.2925,1.1596,5.2538,2.8462,1.2018,1970-07-01
1.3153,3.2268,1.9138,6.5457,2.5669999999999997,12.450899999999999,1.2748,5.364299999999999,3.0818,1.3011000000000001,1970-08-01
1.3296999999999999,3.4681,1.9915,6.922000000000001,2.7968,13.058599999999998,1.3388,5.442699999999999,3.2060000000000004,1.3662999999999998,1970-09-01
1.3988,3.5547000000000004,2.0722,7.2037,3.0791000000000004,12.9003,1.4436000000000002,5.8735,3.1757,1.4663,1970-10-01
1.4062999999999999,3.5049,2.0058000000000002,7.382000000000001,2.9788,12.4169,1.4218000000000002,5.9134,3.1364,1.3806,1970-11-01
1.4626,3.7245,2.0869,7.7702,3.1112,13.029100000000001,1.525,6.0697,3.4111000000000002,1.4325999999999999,1970-12-01
1.5774000000000001,3.9477999999999995,2.254,7.9435,3.2459,13.8875,1.6152000000000002,6.4077,3.6424000000000003,1.5497999999999998,1971-01-01
1.6576,4.0969999999999995,2.3874,8.018099999999999,3.4206,15.2446,1.7531,6.7224,3.7366,1.6725,1971-02-01
1.7191,4.1641,2.4068,8.4296,3.5227999999999997,14.2927,1.8173,6.7939,3.6224000000000003,1.7143000000000002,1971-03-01
1.7966,4.3007,2.512,8.655,3.8421,14.3574,1.9464,7.0377,3.6929000000000003,1.8119999999999998,1971-04-01
1.8397,4.6616,2.63,9.0158,3.9711000000000003,15.0033,2.0408,7.3312,3.5496,1.8998,1971-05-01
1.7833,4.4391,2.5686,8.5235,3.7546,14.0712,1.9994999999999998,7.1575,3.3986,1.7794999999999999,1971-06-01
1.7871000000000001,4.3287,2.5474,8.3397,3.6289,13.1252,1.9166999999999998,7.1701999999999995,3.5603,1.6936000000000002,1971-07-01
1.7511,4.084,2.4236,8.151,3.3171,12.6512,1.8473,7.007000000000001,3.4718,1.6297,1971-08-01
1.8002,4.491499999999999,2.5672,7.9909,3.5262000000000002,12.4531,1.9572999999999998,7.2135,3.3698,1.7393,1971-09-01
1.7945,4.4818999999999996,2.5559,7.854,3.4693,12.464300000000001,1.97,7.2566999999999995,3.3059,1.7281,1971-10-01
1.715,4.2749,2.4038999999999997,7.4828,3.3181,12.2472,1.8999000000000001,7.0707,3.3823000000000003,1.6535,1971-11-01
1.7028999999999999,4.2644,2.3743,7.4447,3.3799,12.1514,1.8991,7.0933,3.3223000000000003,1.6424,1971-12-01
1.8844999999999998,4.5198,2.6233,8.0961,3.7771,13.0127,2.0907,7.6476999999999995,3.5772000000000004,1.7728,1972-01-01
1.9288999999999998,4.6617,2.7044,8.0975,4.092099999999999,13.134400000000001,2.0975,7.840199999999999,3.5529,1.8336000000000001,1972-02-01
2.0202,4.708,2.8349,8.243,4.1786,13.0164,2.2117,8.3802,3.444,1.8775,1972-03-01
2.0241,4.9008,2.907,7.8381,4.2443,12.9386,2.2538,8.414299999999999,3.4241,1.9258000000000002,1972-04-01
2.0613,4.8706,2.9661,7.856,4.2762,12.8026,2.2392,8.5037,3.3158,1.9623,1972-05-01
2.0641,4.7912,3.0168,8.069600000000001,4.4449000000000005,12.8104,2.278,8.7795,3.2876,1.9576,1972-06-01
1.9665000000000001,4.5507,2.9182,7.755199999999999,4.2698,12.874400000000001,2.1074,7.909299999999999,3.2786,1.8593000000000002,1972-07-01
1.9369,4.4821,2.9326999999999996,7.6617,4.3109,12.9715,2.0608,8.1522,3.267,1.811,1972-08-01
1.9297,4.6269,2.9954,8.549,4.4207,13.4876,2.0533,8.2205,3.4406,1.8725,1972-09-01
1.8803999999999998,4.6044,2.9604000000000004,8.5235,4.3673,14.0307,2.0488,8.1811,3.4326999999999996,1.8397,1972-10-01
1.8788,4.4866,2.9967,8.768099999999999,4.2641,14.353900000000001,2.0648,8.3016,3.6494999999999997,1.864,1972-11-01
2.0021,4.7970999999999995,3.1211,9.257,4.3587,15.21,2.1906,8.235800000000001,3.8613,1.9553,1972-12-01
2.0193,4.9092,3.1511,9.3476,4.4657,15.4022,2.2426,8.5402,3.8021,1.9404,1973-01-01
1.9371,4.5752999999999995,3.0380000000000003,9.7881,4.5666,15.075099999999999,2.1489,8.4357,3.6266000000000003,1.7974,1973-02-01
1.8518000000000001,4.279,2.9629000000000003,9.1038,4.4162,14.2302,2.0063999999999997,8.3564,3.5313999999999997,1.6909999999999998,1973-03-01
1.828,4.1874,2.9534,9.3767,4.3836,14.264000000000001,1.8981000000000001,8.4183,3.4426,1.6857,1973-04-01
1.7278,3.9656000000000002,2.8327999999999998,9.3565,4.1307,14.3895,1.7465000000000002,7.9502,3.4084,1.5593000000000001,1973-05-01
1.6861000000000002,3.7669,2.7912,8.9625,4.0306999999999995,14.1052,1.7094999999999998,8.0188,3.397,1.479,1973-06-01
1.068,2.4226,1.8752000000000002,5.902,1.8647,9.3247,0.9256,4.2698,2.7983,0.7426999999999999,1973-07-01
1.1573,2.6189999999999998,2.0069999999999997,5.9787,1.9701,9.2952,1.0359,4.5614,2.7203,0.8176000000000001,1973-08-01
1.1209,2.4981999999999998,1.9765000000000001,5.7133,1.9042,8.821900000000001,0.9932,4.3288,2.6426999999999996,0.8011,1973-09-01
1.186,2.7016000000000004,2.0713999999999997,6.236599999999999,1.8668,9.4787,1.0756000000000001,4.3623,2.8412,0.8621,1973-10-01
1.1665,2.6369,2.1005000000000003,6.615,1.9756,8.9534,1.0429000000000002,4.4405,2.7295999999999996,0.8648,1973-11-01
1.0137,2.1705,1.8015999999999999,6.224,1.7631000000000001,8.1812,0.8515999999999999,4.1788,2.3938,0.7558,1973-12-01
0.9991,2.0971,1.8316,6.7588,1.6939,8.526299999999999,0.847,4.048,2.463,0.7768999999999999,1974-01-01
1.0232999999999999,2.2309,1.8393000000000002,6.2359,1.7275,8.6965,0.9056000000000001,3.9427,2.562,0.7867000000000001,1974-02-01
1.0223,2.1859,1.8312,6.1364,1.7309999999999999,9.1885,0.9116,3.8831,2.5501,0.797,1974-03-01
1.0062,2.1892,1.8197,6.006900000000001,1.6953,8.736699999999999,0.8853,3.9581999999999997,2.4453,0.7681,1974-04-01
0.9784999999999999,2.103,1.7937,5.6160000000000005,1.646,8.2729,0.873,3.9585000000000004,2.1443,0.7218000000000001,1974-05-01
0.9536,2.1253,1.7465000000000002,5.149299999999999,1.5805,8.035,0.8859999999999999,3.9412000000000003,2.0193,0.6631999999999999,1974-06-01
0.9468000000000001,2.1333,1.7383000000000002,4.7935,1.5226,8.1504,0.8773000000000001,3.7601999999999998,1.8966999999999998,0.6416,1974-07-01
0.8545,1.9051,1.6161,4.8117,1.4172,7.528099999999999,0.7666,3.2507,1.8991,0.6008,1974-08-01
0.7712,1.7875999999999999,1.4447,4.3533,1.3471000000000002,7.5706,0.6672,2.9745,1.7145,0.5371,1974-09-01
0.6764,1.5841999999999998,1.2604,4.0037,1.1296,7.265,0.5884,2.5111000000000003,1.6784999999999999,0.4854,1974-10-01
0.7837999999999999,1.6684999999999999,1.4608,4.8348,1.3022999999999998,8.0533,0.6475,3.2516000000000003,1.9022999999999999,0.5849,1974-11-01
0.7498999999999999,1.5799,1.3703999999999998,4.7242,1.2384,7.6862,0.6077,3.1988,1.8800999999999999,0.5697,1974-12-01
0.7484000000000001,1.5090000000000001,1.3099,4.7869,1.1776,7.7737,0.5918,3.1614999999999998,1.8503999999999998,0.545,1975-01-01
0.8889,1.8287,1.4994,5.103899999999999,1.3638,8.6357,0.7437999999999999,3.1601999999999997,2.1867,0.6424,1975-02-01
0.9227,1.9012,1.6149,5.1977,1.5423,8.9628,0.7822,3.6532,2.1859,0.6602,1975-03-01
0.9865,2.0354,1.6994999999999998,5.0712,1.556,8.851799999999999,0.8664000000000001,3.6967000000000003,2.1538999999999997,0.6875,1975-04-01
1.0147,2.1228,1.8594,5.4171000000000005,1.646,8.767100000000001,0.8875,3.7186000000000003,2.106,0.7094,1975-05-01
1.0675,2.1866,1.9125,6.0264999999999995,1.7497,9.1716,0.9268000000000001,4.043,2.2653,0.7503,1975-06-01
1.177,2.4314,1.9809,5.9702,1.8322,9.473700000000001,0.9997,3.8331999999999997,2.7910000000000004,0.8003,1975-07-01
1.1167,2.4053999999999998,1.8694,5.6929,1.6677000000000002,9.075099999999999,0.9237000000000001,3.37,2.6423,0.7511,1975-08-01
1.0771,2.3068,1.8474000000000002,5.609299999999999,1.6118999999999999,8.6313,0.9201,3.2635,2.5858999999999996,0.7109000000000001,1975-09-01
1.0491,2.2441999999999998,1.7368999999999999,5.5384,1.5968,8.4876,0.8884000000000001,3.0938,2.5515,0.6658,1975-10-01
1.1623000000000001,2.4377,1.8341,5.4674000000000005,1.735,9.0654,0.983,3.4208999999999996,2.7030000000000003,0.6916,1975-11-01
1.2135,2.5057,1.8829,5.3426,1.8165,9.5561,1.0271,3.6369,2.7662,0.7161,1975-12-01
1.1941,2.4878,1.8613,5.434,1.7966,9.5087,1.0004,3.4027999999999996,2.7856,0.7132,1976-01-01
1.3265,2.873,2.1795,5.903,2.1244,10.410699999999999,1.0911,3.6647000000000003,3.0025,0.8047,1976-02-01
1.3184,2.9926,2.21,5.6723,2.1441999999999997,10.645999999999999,1.1456,3.4105000000000003,2.8745999999999996,0.8290000000000001,1976-03-01
1.3292,3.1102,2.2362,6.0779,2.2299,10.6701,1.1885,3.6573,2.8956,0.8447,1976-04-01
1.308,3.1639,2.2131,6.303,2.1592,10.8532,1.1338,3.4986,2.8986,0.833,1976-05-01
1.2782,3.0413,2.1851,6.583600000000001,2.1639,10.396700000000001,1.0673000000000001,3.3852999999999995,2.8323,0.8162999999999999,1976-06-01
1.2841999999999998,3.0954,2.2001,6.2741,2.2355,11.001600000000002,1.0175,3.3543000000000003,3.057,0.8312,1976-07-01
1.3083,3.0885000000000002,2.1715,6.2261,2.1858,11.138599999999999,0.9995,3.3402999999999996,3.1272,0.8318000000000001,1976-08-01
1.2986000000000002,3.0232,2.1306,6.1197,2.1659,11.521600000000001,1.0289,3.3949000000000003,3.1917,0.8220000000000001,1976-09-01
1.3172,3.1704000000000003,2.1591,6.548500000000001,2.2268,11.671800000000001,1.0319,3.5172000000000003,3.3044,0.828,1976-10-01
1.2962,3.1289,2.0912,6.4038,2.1369,11.8212,1.0218,3.406,3.261,0.8237000000000001,1976-11-01
1.3106,3.0648,2.0841,6.4391,2.1729,12.0436,1.0675,3.1382999999999996,3.3377999999999997,0.8270000000000001,1976-12-01
1.3838,3.408,2.2013,6.9167,2.2755,12.423900000000001,1.0909,3.3558,3.5351999999999997,0.8959999999999999,1977-01-01
1.3296000000000001,3.2771,2.0683000000000002,6.9117999999999995,2.1973,12.435899999999998,1.013,3.0782,3.5497,0.8587,1977-02-01
1.3092,3.1405000000000003,2.0511,6.716799999999999,2.169,12.3933,0.9965999999999999,3.0801,3.4004000000000003,0.8417,1977-03-01
1.2887,3.0455,2.0486,6.5737,2.1715999999999998,12.234100000000002,0.9675,3.0433,3.3879,0.8389,1977-04-01
1.301,3.1362,2.0715,6.8503,2.1001,12.314,0.934,2.9249,3.4360000000000004,0.8563,1977-05-01
1.2907,3.0981,2.0081,6.7517,2.0541,12.3281,0.9054000000000001,2.8711,3.484,0.8445,1977-06-01
1.3618000000000001,3.2689,2.0621,6.5463,2.0444999999999998,12.3407,0.9301,2.8550999999999997,3.9476,0.8586,1977-07-01
1.3879,3.2157999999999998,1.9872,6.5199,2.0563,12.232899999999999,0.9337000000000001,2.8104,3.9642,0.8571,1977-08-01
1.3881000000000001,3.1816000000000004,1.9574,6.0861,2.0625999999999998,11.7952,0.9741,2.8989999999999996,3.8044,0.8475,1977-09-01
1.3979,3.2217000000000002,1.9469,6.127000000000001,2.0335,12.171,0.9709,2.8879,3.8594,0.8404,1977-10-01
1.3512,3.0723000000000003,1.8554,5.9304,1.9771,11.554300000000001,0.9373,2.8533999999999997,3.7205,0.8018000000000001,1977-11-01
1.4111000000000002,3.0606,1.9387999999999999,6.0739,2.0823,11.644100000000002,0.9934000000000001,3.0513999999999997,3.8444,0.8506999999999999,1977-12-01
1.4105,3.0776999999999997,1.9616,6.1846000000000005,2.1566,11.8576,0.9859,3.1008,3.8099000000000003,0.8571,1978-01-01
1.3443,2.8607,1.845,5.7413,2.0594,11.3625,0.9190999999999999,3.0383,3.6189,0.8133,1978-02-01
1.3434,2.845,1.7921,5.622000000000001,1.9775,11.6592,0.9113,2.928,3.5731,0.8099,1978-03-01
1.4043999999999999,3.0088,1.8576,5.8004999999999995,1.9726,12.198599999999999,0.9369,3.0660000000000003,3.6395999999999997,0.8512000000000001,1978-04-01
1.5141,3.292,2.0786000000000002,6.2762,2.2444,12.5548,1.0387,3.3716000000000004,3.6258,0.9320999999999999,1978-05-01
1.5685,3.2632,2.184,6.324199999999999,2.2767,12.3256,1.0552,3.6008999999999998,3.6192,0.9559000000000001,1978-06-01
1.5836000000000001,3.1127999999999996,2.1124,5.846,2.175,12.6081,1.0247,3.5622000000000003,3.8188999999999997,0.9215000000000001,1978-07-01
1.6379,3.3086,2.2769,6.1261,2.3727,12.7859,1.0781,3.8724000000000003,3.9391000000000003,0.9829000000000001,1978-08-01
1.7056,3.3807,2.3609999999999998,6.3717999999999995,2.5052000000000003,13.3523,1.1418000000000001,3.9301,3.9196,1.0464,1978-09-01
1.7024000000000001,3.3731999999999998,2.3132,6.7077,2.4007,13.4769,1.1175,3.8206,3.8859,1.0342,1978-10-01
1.5023,2.9896,2.0534,5.9632000000000005,2.1431999999999998,13.1396,0.9634,3.3256,3.5852999999999997,0.8845999999999999,1978-11-01
1.5283000000000002,2.967,2.1011,6.3186,2.2584,13.3351,0.98739999999999994,3.4981,3.6614999999999998,0.9067000000000001,1978-12-01
1.5511000000000001,2.968,2.1355,6.5247,2.404,13.3023,0.9823000000000001,3.6127999999999996,3.5888,0.9159,1979-01-01
1.6100999999999999,3.1275999999999997,2.2761,6.7875,2.5124,13.787,1.0387,3.6847000000000003,3.7958,0.9681000000000001,1979-02-01
1.5465,2.9783,2.1652,6.7651,2.4233000000000002,13.488499999999998,0.9861,3.5247,3.6998,0.9351,1979-03-01
1.6116,3.1872000000000003,2.3232,7.4361,2.6319999999999997,13.4629,1.0449,3.715,3.7601,1.0102,1979-04-01
1.6156,3.2729000000000004,2.3042,7.783200000000001,2.6433,13.171600000000002,1.0514000000000001,3.7538,3.6384,1.0245,1979-05-01
1.5909,3.2382999999999997,2.2465,7.5558000000000005,2.5774,13.259400000000001,1.0256,3.6885000000000003,3.6511,1.0212999999999999,1979-06-01
1.6354,3.2744999999999997,2.2500999999999998,7.3096000000000005,2.3844,12.4525,1.0327,3.5639,4.0358,1.0593000000000001,1979-07-01
1.6812,3.3339,2.3027,7.4403999999999995,2.3468999999999998,12.7173,1.0465,3.5925,4.1029,1.0944,1979-08-01
1.8053,3.4825,2.4653,7.9673,2.4773,12.686300000000001,1.1371,3.9339999999999997,4.1462,1.1541,1979-09-01
1.7684,3.4607,2.4472,8.5367,2.4368,12.3555,1.1296,3.9111000000000002,4.033399999999999,1.1438,1979-10-01
1.6368,3.1655,2.2316,8.306799999999999,2.2666999999999997,11.9531,1.0284,3.7349,3.7692,1.0273,1979-11-01
1.7179,3.0852999999999997,2.3217,9.0343,2.4297,12.222100000000001,1.0651000000000002,4.0722000000000005,4.0233,1.0981,1979-12-01
1.7882,3.1906,2.4344,9.244299999999999,2.4813,11.986600000000001,1.1018999999999999,4.1513,3.9545999999999997,1.1419,1980-01-01
1.849,3.5183999999999997,2.6031999999999997,10.5322,2.6717,11.7372,1.1179999999999999,4.1246,3.9926999999999997,1.1970999999999998,1980-02-01
1.7531999999999999,3.2542,2.523,11.886199999999999,2.5579,11.6144,1.062,3.907,3.8154000000000003,1.1587,1980-03-01
1.5895,2.9658999999999995,2.2311,9.7936,2.2358000000000002,11.5304,0.9739,3.8631,3.5359,1.0124,1980-04-01
1.6957,2.9223000000000003,2.301,10.4881,2.2555,12.679,1.0065,4.0797,3.9554,1.0735999999999999,1980-05-01
1.8241999999999998,3.0156,2.4388,10.8413,2.3689,13.404300000000001,1.1011,4.3383,4.0945,1.1591,1980-06-01
1.8697,2.9798,2.4211,9.128,2.2311,12.6205,1.0965,3.8314,4.6315,1.1640000000000001,1980-07-01
2.0014,3.3475,2.688,9.319700000000001,2.5968999999999998,12.7445,1.2109999999999999,4.1879,4.6221,1.2512999999999999,1980-08-01
2.0157,3.4185000000000003,2.7182,9.6427,2.6921,13.3238,1.2286,4.2317,4.5244,1.2846000000000002,1980-09-01
2.0174000000000003,3.4388,2.7856,10.299000000000001,2.7474000000000003,13.0594,1.2515,4.3805000000000005,4.4958,1.3302,1980-10-01
2.0225,3.3743,2.7991,11.0945,2.8177999999999996,12.6324,1.2335,4.3492,4.5513,1.3392,1980-11-01
2.0362,3.5202999999999998,3.0258,13.7377,3.0883,11.9443,1.2772,4.7139,4.8706,1.4444,1980-12-01
2.0677000000000003,3.4901,2.9629000000000003,12.2725,3.0697,12.0198,1.2691,4.955299999999999,4.7482999999999995,1.4435,1981-01-01
2.1165000000000003,3.4530000000000003,2.9124,11.1227,2.8270999999999997,12.6828,1.2755,4.9086,4.6015,1.395,1981-02-01
2.1699,3.6622000000000003,3.0408999999999997,10.9976,2.8281,13.3445,1.3021,4.9334,4.4984,1.4150999999999998,1981-03-01
2.3282,3.9476,3.2245999999999997,10.7924,2.9724,13.475,1.4675,5.2933,4.5925,1.5175,1981-04-01
2.3512,4.0448,3.1925,10.0038,2.9763,14.3092,1.5081,5.488200000000001,4.444100000000001,1.527,1981-05-01
2.4088,4.1376,3.1591000000000005,9.5603,3.0979,15.0596,1.5667,5.6508,4.478899999999999,1.5616999999999999,1981-06-01
2.2997,3.6283,3.0038,6.7786,2.448,12.3919,1.504,4.4585,4.868399999999999,1.4399000000000002,1981-07-01
2.2773,3.5189,2.9235,7.328200000000001,2.354,12.5578,1.4559,4.279,5.0012,1.3884999999999998,1981-08-01
2.1553,3.2373000000000003,2.7044,6.8123000000000005,2.1757,12.2104,1.3772,3.9471,4.9117,1.2921,1981-09-01
2.1073,3.1469,2.5135,5.766,2.0947999999999998,12.5496,1.3335,3.9194,4.5964,1.2193,1981-10-01
2.2666,3.0312,2.6026,6.3099,2.2092,13.798900000000001,1.4261000000000001,4.2247,4.7883,1.3078,1981-11-01
2.3206,3.1502,2.7112,6.7139,2.2338999999999998,13.9306,1.4434,4.409,5.0209,1.3724,1981-12-01
2.2695,3.1614999999999998,2.6654,6.284299999999999,2.241,13.7042,1.4163999999999999,4.3705,4.8623,1.3154,1982-01-01
2.2443,3.1974,2.5854000000000004,5.765499999999999,2.3063,13.794400000000001,1.4205,4.4277999999999995,4.8027,1.2746,1982-02-01
2.1955,3.1097,2.4289,4.8762,2.1805000000000003,12.768699999999999,1.4003,4.277699999999999,4.7345,1.2223,1982-03-01
2.2478,3.2248,2.3824,4.7085,2.1151,13.0073,1.4659,4.1886,4.8135,1.183,1982-04-01
2.4132,3.3876,2.4566,4.9198,2.2705,12.431099999999999,1.5597999999999999,4.4944,4.9673,1.2309,1982-05-01
2.3175,3.3432,2.3243,4.9923,2.1362,12.0572,1.516,4.3756,4.8824000000000005,1.1418000000000001,1982-06-01
2.3508,3.4718999999999998,2.2269,3.9681,1.857,10.5285,1.4877,3.8034,4.9559,1.1081,1982-07-01
2.3424,3.4596,2.1668000000000003,3.6637,1.8903,10.6528,1.4938,3.8494,4.7951999999999995,1.0768,1982-08-01
2.5632,3.9112,2.4647,4.0032,2.1253,11.798399999999999,1.6749,4.3437,5.3077,1.2034,1982-09-01
2.6625,3.9356,2.4497,4.1013,2.1584,12.1349,1.7588,4.4257,5.3216,1.2581,1982-10-01
2.9573,4.6159,2.7711,4.3236,2.5322,13.1152,2.0654,4.8106,5.537100000000001,1.4602000000000002,1982-11-01
3.0980000000000003,4.9599,2.9320999999999997,4.0175,2.7994,13.9169,2.289,5.0869,5.4887,1.5674000000000001,1982-12-01
3.1491000000000002,5.1066,2.9695,4.3107,2.8760000000000003,14.007100000000001,2.2432,5.1392,5.6759,1.5451,1983-01-01
3.1184,5.3683000000000005,3.0964,4.5107,3.1203,15.7446,2.2833,5.259600000000001,5.8504,1.5903999999999998,1983-02-01
3.2407999999999997,5.5402,3.205,4.433,3.2287,15.4477,2.4717,5.478899999999999,5.8815,1.6622,1983-03-01
3.4688,5.4986,3.2779000000000003,4.7646,3.253,15.772,2.6844,5.793099999999999,5.8522,1.7425,1983-04-01
3.6868,6.095700000000001,3.4843,5.2649,3.5355000000000003,16.9175,2.9317,6.082999999999999,6.0386,1.8966,1983-05-01
3.6664999999999996,5.9848,3.5602,5.3287,3.6497,16.6793,2.9419,5.9207,6.122000000000001,1.9494999999999998,1983-06-01
3.5104,6.4251,3.5212,5.3027999999999995,3.4427,14.2468,2.8851999999999998,5.2647,6.400399999999999,1.9616,1983-07-01
3.4183,6.1715,3.4454000000000002,5.2801,3.2657,13.7305,2.8074,5.01,6.457999999999999,1.8966,1983-08-01
3.4379000000000004,6.039,3.4533,5.6616,3.2319,14.0179,2.6861,4.9349,6.4916,1.8825999999999998,1983-09-01
3.5849,6.287999999999999,3.5387,5.4248,3.3093,14.3455,2.7464999999999997,4.9955,6.791399999999999,1.9144999999999999,1983-10-01
3.5712,6.3634,3.4581999999999997,5.3191999999999995,3.0873000000000004,13.5944,2.7049000000000003,4.8817,6.959199999999999,1.8426,1983-11-01
3.6574,6.5854,3.6669,5.3619,3.1619,14.011800000000001,2.8429,4.7318999999999996,6.7465,1.9001,1983-12-01
3.638,6.7719000000000005,3.6362,5.590800000000001,3.1798,13.58,2.7281999999999997,4.5887,6.442699999999999,1.8838,1984-01-01
3.6435000000000004,6.401599999999999,3.5111000000000003,5.8959,2.9877999999999996,14.131400000000001,2.5968999999999998,4.5991,6.4945,1.8584,1984-02-01
3.428,5.9798,3.2680000000000002,6.1678,2.803,13.597100000000001,2.4777,4.4837,6.214600000000001,1.7699,1984-03-01
3.4882,6.0218,3.3904,6.2161,2.8508999999999998,13.1083,2.5141999999999998,4.4466,6.145599999999999,1.8159999999999998,1984-04-01
3.5231,6.2175,3.3827,6.4910000000000005,2.8411,13.3902,2.5340000000000003,4.6057,6.0835,1.7859,1984-05-01
3.4547000000000003,5.818300000000001,3.1864,5.7498000000000005,2.6908,13.4111,2.4099,4.281499999999999,5.965700000000001,1.6734,1984-06-01
3.2409,5.2467999999999995,3.0931,5.0367,2.1262,7.1705,2.178,3.1316,6.0596000000000005,1.7101,1984-07-01
3.2093000000000003,5.3727,3.0420999999999996,4.6693999999999996,2.0804,7.369,2.1804,3.0179,6.0547,1.6668,1984-08-01
3.4928,5.9111,3.4063999999999997,5.4321,2.3798,7.854400000000001,2.4143,3.3369,6.4762,1.8608000000000002,1984-09-01
3.5392,5.916399999999999,3.3272000000000004,5.4516,2.2793,8.0908,2.4226,3.2215,6.7411,1.9112,1984-10-01
3.5963,6.0365,3.3199,5.3289,2.2547,8.1045,2.3979,3.2821,6.9161,1.9333,1984-11-01
3.6277999999999997,5.799600000000001,3.2714,5.3228,2.1741,8.075,2.3125999999999998,3.2919,7.0623000000000005,1.9302000000000001,1984-12-01
3.675,6.0961,3.3487999999999998,5.3713,2.2422,8.3977,2.3388999999999998,3.4152,7.192,2.0141999999999998,1985-01-01
3.8456,6.6879,3.6483,5.7317,2.5355000000000003,8.9786,2.6677999999999997,3.6982999999999997,7.3212,2.2182,1985-02-01
4.05,6.6217999999999995,3.6851,5.9634,2.5081,9.3253,2.7216000000000005,3.8528,7.4361,2.2652,1985-03-01
4.2605,6.2688,3.5873000000000004,6.0588999999999995,2.3759,9.7587,2.7333,3.9825999999999997,7.8267999999999995,2.2662,1985-04-01
4.2318,6.1261,3.5342000000000002,6.354400000000001,2.2998,9.9283,2.7591,3.908,7.8306,2.3146,1985-05-01
4.5681,6.5438,3.7643,5.835800000000001,2.3882,10.5753,3.0417,4.3252999999999995,8.1827,2.468,1985-06-01
4.3173,6.141900000000001,3.6607,4.7093,2.1942,9.3788,2.7604,3.799,8.6669,2.5175,1985-07-01
4.2200999999999995,6.285900000000001,3.8108999999999997,4.7255,2.3121,8.9982,2.6729000000000003,3.787,8.2167,2.5297,1985-08-01
4.072,5.9126,3.7511,4.8065,2.2544,9.0947,2.6598,3.7628,8.2987,2.5287,1985-09-01
4.0762,5.7321,3.6039,4.8627,2.1684,8.6603,2.5598,3.5312,7.8377,2.4061000000000003,1985-10-01
4.0804,5.8385,3.7396,5.2135,2.247,9.1621,2.7704000000000004,3.5014,8.2853,2.5741,1985-11-01
4.4474,6.464700000000001,4.0062,5.181699999999999,2.4456,10.2286,3.0282999999999998,3.877,8.5286,2.7708,1985-12-01
4.71,6.9233,4.1914,5.1453999999999995,2.6633,10.4878,3.1772000000000005,4.062,8.9311,2.915,1986-01-01
4.8429,7.0604,4.2744,4.7611,2.6637,10.0341,3.2500999999999998,4.1329,9.2278,3.0249,1986-02-01
5.3872,7.7787,4.7248,4.822,2.819,10.8574,3.5252,4.4136,9.7918,3.2836000000000003,1986-03-01
5.9097,8.4835,4.9988,5.0100999999999996,2.8287999999999998,11.343599999999999,3.8489999999999998,5.002,10.0759,3.4451,1986-04-01
5.9862,8.1789,4.9417,5.1514999999999995,2.9556,11.7521,3.8656,5.1029,9.6867,3.3808999999999996,1986-05-01
6.5435,8.4893,5.1814,5.604500000000001,2.9408999999999996,12.468699999999998,4.2507,5.5055,9.9946,3.5526999999999997,1986-06-01
6.1075,7.7159,4.6485,4.8525,2.6494,11.604800000000001,3.4863,4.7967,10.3301,3.5712,1986-07-01
5.799099999999999,7.0275,4.3183,4.7137,2.4367,11.203499999999998,3.1532999999999998,4.5626999999999995,10.8168,3.3544,1986-08-01
5.9727999999999994,7.611599999999999,4.606,5.5407,2.5743,11.9607,3.2277,4.7591,11.6579,3.5956,1986-09-01
5.3335,7.0405999999999995,4.3071,5.5597,2.4101,10.876800000000001,2.9522000000000004,4.206,10.4867,3.2851999999999997,1986-10-01
5.9012,7.5264999999999995,4.5788,5.8403,2.4512,11.4705,3.1355,4.6147,10.9938,3.4393000000000002,1986-11-01
5.9899000000000004,8.0015,4.7294,6.1809,2.5639999999999996,12.051300000000001,3.1628,4.6715,11.0426,3.4446,1986-12-01
5.8443,7.8472,4.6561,6.160900000000001,2.4745,11.791500000000001,2.9854000000000003,4.6881,10.6123,3.3703,1987-01-01
6.687,9.3037,5.309,7.1562,2.8888,12.3782,3.3456,5.271100000000001,11.5548,3.7428,1987-02-01
7.0962,9.5879,5.5457,7.062200000000001,3.1696,12.373299999999999,3.69,5.9185,11.238299999999999,3.9266,1987-03-01
7.241499999999999,10.0916,5.766,7.9186000000000005,3.2573000000000003,12.4637,3.7751,5.9214,10.982000000000001,3.9037,1987-04-01
7.0148,10.485199999999999,5.6731,8.0056,3.4174,12.1174,3.673,5.7736,10.4607,3.7502999999999997,1987-05-01
7.2248,10.491,5.6961,8.0334,3.4489,12.4385,3.6948000000000003,5.8458000000000006,10.1928,3.7556,1987-06-01
7.408200000000001,9.5479,5.4523,8.1439,3.1216000000000004,12.472100000000001,3.5168,4.957,10.5218,3.1626,1987-07-01
7.814400000000001,10.3311,5.8699,8.4892,3.1685000000000003,13.5106,3.7402999999999995,5.2522,10.2992,3.2653,1987-08-01
8.0778,10.9488,6.0532,8.7695,3.4207,14.4461,3.8673,5.369199999999999,10.6044,3.4018,1987-09-01
7.947100000000001,10.55,6.1288,8.486799999999999,3.3415,15.0003,3.637,5.2011,10.2978,3.3645,1987-10-01
6.3016,7.7376,4.4648,6.9388,2.4887,13.0997,2.6513999999999998,4.1942,9.54,2.5749,1987-11-01
5.808400000000001,7.1479,4.2332,6.181,2.2536,12.013599999999999,2.4114,3.8259,9.2318,2.4045,1987-12-01
6.3058000000000005,7.7796,4.6822,6.6391,2.5267,12.5347,2.6168,4.0739,9.2134,2.5337,1988-01-01
6.5036000000000005,8.1563,4.7362,7.2499,2.4932,13.8399,2.7839,4.3524,10.094199999999999,2.7124,1988-02-01
6.919700000000001,8.7468,5.0972,7.4674000000000005,2.6795,14.2803,3.0823,4.4713,9.915,2.8079,1988-03-01
6.913200000000001,8.5134,5.0399,7.6864,2.5647,14.056400000000002,3.0741,4.3649000000000004,9.5311,2.7760000000000002,1988-04-01
6.9826,8.8945,5.1382,8.0927,2.6557999999999997,14.367799999999999,3.2060000000000004,4.2976,9.4576,2.7746,1988-05-01
6.9576,9.0198,5.111000000000001,8.1665,2.6288,14.695599999999999,3.1173,4.2841000000000005,9.7653,2.806,1988-06-01
6.0687999999999995,5.725599999999999,5.6936,8.3325,2.8560000000000003,15.7515,3.0359,4.0962,9.4978,2.497,1988-07-01
6.180499999999999,5.6813,5.574199999999999,8.7485,2.7288,16.098699999999997,2.9442000000000004,4.1845,9.514800000000001,2.4986,1988-08-01
6.2029,5.274,5.3339,8.585,2.5147999999999997,15.6053,2.8836,4.1807,9.427200000000001,2.4897,1988-09-01
6.6216,5.5346,5.4951,8.4357,2.6010000000000004,16.6201,3.1225,4.3574,9.6222,2.5954,1988-10-01
7.2237,5.6996,5.6030999999999995,8.698,2.6125,17.185,3.1289,4.4529000000000005,9.8721,2.5983,1988-11-01
6.7812,5.7791,5.501900000000001,8.7365,2.5467,17.7299,3.0564999999999998,4.3735,9.7394,2.5254,1988-12-01
6.9148000000000005,5.8061,5.6763,9.0086,2.6902999999999997,18.142,3.1264,4.4686,9.735,2.5449,1989-01-01
7.3385,6.2972,6.1148,9.589400000000001,2.9054,20.1287,3.3394,4.7896,9.9571,2.7322,1989-02-01
7.2734000000000005,6.0747,5.9712,9.4608,2.825,19.825,3.3017000000000003,4.6661,9.7006,2.7297000000000002,1989-03-01
7.660900000000001,6.0903,6.0489,9.8629,2.6789,21.1076,3.4066,4.923,9.692,2.8354000000000004,1989-04-01
7.4878,6.0937,6.4139,10.1954,2.8463,23.103099999999998,3.6373,5.217899999999999,10.0765,2.9722000000000004,1989-05-01
7.9102999999999994,6.2762,6.6853,10.464400000000001,2.9381,24.4319,3.8541000000000003,5.4605,10.4383,3.1134,1989-06-01
7.6212,6.186,6.1029,9.9807,2.5474,22.5528,3.4800999999999997,4.6982,11.0161,2.9962999999999997,1989-07-01
8.5762,6.5313,6.5942,10.4309,2.6269,25.3723,3.83,5.369800000000001,11.6142,3.2653,1989-08-01
8.493400000000001,6.9478,6.8922,10.8648,2.6981,25.7787,3.965,5.403,11.4342,3.4037,1989-09-01
8.5228,6.6277,6.761699999999999,11.0008,2.6365,26.7348,3.8886000000000003,5.2507,11.429300000000001,3.46,1989-10-01
8.402899999999999,6.2598,6.4751,11.105799999999999,2.5450999999999997,26.110100000000003,3.7535000000000003,5.2894000000000005,11.497,3.2955,1989-11-01
8.5248,6.1941,6.6915,11.4705,2.4958,26.6309,3.8070999999999997,5.5365,11.7898,3.3133999999999997,1989-12-01
8.6729,5.4654,6.8899,12.205499999999999,2.4717,28.3026,3.8680000000000003,5.6412,12.2924,3.2615,1990-01-01
7.869299999999999,5.294,6.4672,11.6643,2.4516999999999998,24.5297,3.6543,5.25,11.6403,2.9768,1990-02-01
7.8587,5.5239,6.6366,11.9913,2.5629000000000004,24.4345,3.736,5.139500000000001,11.5887,3.0654000000000003,1990-03-01
8.2233,5.6987,6.918099999999999,11.911900000000001,2.6995999999999998,25.6228,3.9837000000000002,5.3564,11.4382,3.0669,1990-04-01
8.2014,5.4747,6.760800000000001,11.5866,2.6624,24.906100000000002,3.929,5.3901,10.7686,2.9858,1990-05-01
8.9561,5.975599999999999,7.2768,12.1824,3.0319,27.6881,4.4357999999999995,6.1350999999999996,11.263800000000002,3.2866000000000004,1990-06-01
8.4274,5.4923,6.9119,11.348199999999999,3.0062,24.059099999999997,4.253,6.045599999999999,11.3523,3.082,1990-07-01
8.3759,5.333200000000001,6.9342,12.416099999999998,2.7919,23.180799999999998,4.1137,6.192200000000001,11.402899999999999,2.9911000000000003,1990-08-01
7.7863,4.5953,6.0801,12.2879,2.4558,20.9087,3.6252,5.776,10.5693,2.6451,1990-09-01
7.5313,4.1677,5.6168,12.133099999999999,2.3071,21.212,3.3320999999999996,5.5719,10.568499999999998,2.3865,1990-10-01
7.735399999999999,4.0038,5.5329999999999995,11.6252,2.2443,22.1417,3.2592000000000003,5.7045,11.371300000000002,2.2376,1990-11-01
8.2207,4.1596,5.9649,11.8253,2.51,22.784699999999997,3.589,6.2474,11.6106,2.4807,1990-12-01
8.6072,4.1324000000000005,6.277200000000001,11.6261,2.6231999999999998,23.0213,3.7311,6.4514,11.633099999999999,2.6106,1991-01-01
9.0679,4.4077,6.695399999999999,11.4617,3.0302999999999995,23.1444,4.1064,6.818200000000001,11.4243,2.8138,1991-02-01
10.104199999999999,4.8364,7.1073,12.4071,3.2512,23.4588,4.4475999999999996,7.5325,11.8968,3.0970999999999997,1991-03-01
10.5594,4.9527,7.2915,12.7293,3.3183,23.8735,4.9039,7.990399999999999,12.0446,3.2122,1991-04-01
10.607000000000001,4.8546,7.361599999999999,13.0774,3.2371,24.0264,5.0304,7.922899999999999,11.979800000000001,3.2776,1991-05-01
11.0709,5.547999999999999,7.8965,12.7958,3.3573000000000004,23.869899999999998,5.4659,8.3198,11.9189,3.4516000000000004,1991-06-01
10.2274,5.376900000000001,7.0525,11.4459,3.0608,23.0425,5.0264,7.2527,11.8468,3.1518,1991-07-01
10.9341,5.3728,7.3004999999999995,12.0043,3.2135000000000002,23.957399999999996,5.3159,7.931699999999999,12.2697,3.3158999999999996,1991-08-01
11.5459,5.2675,7.4036,12.1575,3.2314999999999996,24.286199999999997,5.5251,8.1625,12.615699999999999,3.4345999999999997,1991-09-01
11.1412,5.1217,7.2363,12.068800000000001,3.2081999999999997,24.5183,5.4029,8.1769,13.0176,3.4205,1991-10-01
11.1691,5.071000000000001,7.3618,12.2982,3.2977999999999996,25.105100000000004,5.3272,8.7051,13.132100000000001,3.514,1991-11-01
11.1294,4.6732,6.97,11.2556,3.1845999999999997,23.9117,5.2837,8.5123,13.2943,3.3506,1991-12-01
12.7706,5.0555,7.797899999999999,11.5735,3.4961,26.1705,6.0001999999999995,9.94,13.8912,3.7624,1992-01-01
12.4187,5.57,7.9819,11.230599999999999,3.748,25.814,6.0884,9.4969,13.208699999999999,3.8517,1992-02-01
12.569700000000001,6.2299,8.1504,11.167200000000001,3.9052,25.651300000000003,6.3083,9.2345,12.9705,3.9972000000000003,1992-03-01
12.4222,6.3624,8.100299999999999,10.9012,3.7234,25.450599999999998,6.262899999999999,8.7634,12.9014,3.9101999999999997,1992-04-01
12.583499999999999,7.0478,8.3943,12.082699999999999,3.7258999999999998,27.1171,6.084199999999999,8.6341,13.198,3.9612,1992-05-01
12.765799999999999,7.0054,8.3814,12.687000000000001,3.7752,26.5119,6.1804,8.7905,13.4838,4.0449,1992-06-01
11.377699999999999,7.0138,7.7425999999999995,12.224,3.4781999999999997,24.103099999999998,5.4762,6.9437999999999995,13.879100000000001,4.0476,1992-07-01
11.998099999999999,7.3077,8.0127,13.1106,3.6147000000000005,25.936500000000002,5.7165,7.3702,14.7588,4.196000000000001,1992-08-01
12.084000000000001,6.6238,7.7303,13.4646,3.4526999999999997,25.643600000000003,5.7222,7.1389,14.613800000000001,4.069599999999999,1992-09-01
12.299100000000001,6.6692,7.898300000000001,13.475999999999999,3.5913999999999997,26.045900000000003,5.9838,6.8723,14.6579,4.2373,1992-10-01
12.2935,6.652,7.995900000000001,12.9948,3.6887,25.790100000000002,6.2825999999999995,7.0987,14.5449,4.3767000000000005,1992-11-01
12.746500000000001,7.202100000000001,8.2899,12.718699999999998,3.9261,27.4007,6.7286,7.4365,14.4331,4.6748,1992-12-01
12.793800000000001,7.4346000000000005,8.4335,12.9554,3.9596,28.832600000000003,6.779,7.3385,14.7447,4.8804,1993-01-01
12.7493,8.1314,8.4483,13.3781,4.1610000000000005,29.1198,6.8135,6.863200000000001,15.0593,5.067699999999999,1993-02-01
12.528699999999999,8.087200000000001,8.5858,14.1226,4.1656,31.252399999999998,6.7379,6.2512,15.919,5.1166,1993-03-01
12.5633,8.517000000000001,8.764299999999999,14.6944,4.2707999999999995,32.1805,6.930700000000001,6.328200000000001,16.1173,5.323200000000001,1993-04-01
11.4157,8.7058,8.806000000000001,14.8589,4.1243,31.137199999999996,6.3618,6.4546,16.0426,5.1657,1993-05-01
11.800999999999998,8.8424,9.0741,15.0446,4.4968,32.3878,6.7498000000000005,6.68,15.956,5.2652,1993-06-01
10.7613,8.9017,8.5875,13.7049,4.2335,33.0998,5.8892999999999995,5.7424,16.7466,5.2948,1993-07-01
10.5276,9.0199,8.626100000000001,13.8322,4.0769,33.9803,5.9546,5.4347,17.0169,5.4228,1993-08-01
10.9565,9.1002,8.9263,14.3005,4.352799999999999,35.9951,6.1947,5.562799999999999,17.5544,5.612100000000001,1993-09-01
10.7501,9.1844,8.7554,14.488199999999999,4.4223,35.7327,6.1695,5.6236,17.3719,5.7268,1993-10-01
11.4206,9.9938,9.0702,14.331800000000001,4.5001999999999995,36.4783,6.3794,5.9702,16.979,5.5988999999999995,1993-11-01
11.5219,10.0421,9.2063,13.42,4.526,34.512100000000004,6.4140999999999995,6.0318,15.945599999999999,5.477799999999999,1993-12-01
11.7467,10.4773,9.5353,13.4945,4.6686000000000005,34.2201,6.3298000000000005,6.174099999999999,16.1806,5.632999999999999,1994-01-01
11.6855,11.2854,10.0365,14.1448,4.9078,35.4865,6.424099999999999,6.1998,15.9454,5.9078,1994-02-01
11.5195,10.835999999999999,9.966000000000001,13.6797,4.9985,33.4882,6.5435,5.8542,15.0594,5.686699999999999,1994-03-01
11.0167,10.1263,9.5404,13.1819,4.8332,32.1829,6.230599999999999,5.466799999999999,14.452300000000001,5.4666999999999994,1994-04-01
11.1458,10.0479,9.577300000000001,13.93,4.7881,32.5518,6.2683,5.6366,14.7084,5.5669,1994-05-01
11.0025,9.8259,9.7909,13.934800000000001,4.8987,33.0346,6.1713,5.9349,13.834100000000001,5.7600999999999996,1994-06-01
9.4424,8.3135,8.354800000000001,12.560899999999998,4.2313,25.5245,5.3536,5.442,13.2248,5.0760000000000005,1994-07-01
9.671,8.7152,8.7888,13.021600000000001,4.4246,26.2401,5.3812999999999995,5.506900000000001,13.8552,5.234400000000001,1994-08-01
10.2897,8.6883,9.1754,13.0574,4.8589,26.390500000000003,5.6695,6.1073,13.858699999999999,5.4009,1994-09-01
10.2427,8.2391,9.0162,12.940999999999999,4.8527,25.9762,5.5425,6.271100000000001,13.393699999999999,5.1851,1994-10-01
10.5527,8.1085,8.9862,14.0078,5.240399999999999,25.8682,5.62,6.351,13.5633,5.2010000000000005,1994-11-01
10.3874,7.7591,8.5152,13.3973,5.1731,25.0231,5.3936,6.4102999999999994,13.546500000000002,4.9482,1994-12-01
10.4913,8.088799999999999,8.854099999999999,13.3159,5.3266,25.4546,5.2824,6.4785,13.5106,5.0379000000000005,1995-01-01
10.6448,7.6051,8.8613,13.4048,5.3031,26.6188,5.3501,6.8979,14.3684,5.296,1995-02-01
11.033399999999999,7.975,9.335700000000001,14.031199999999998,5.706,27.1743,5.506799999999999,7.072100000000001,14.3996,5.5646,1995-03-01
11.3522,8.078,9.6877,14.8151,5.9818,27.160500000000003,5.763999999999999,7.2483,14.066600000000001,5.7010000000000005,1995-04-01
11.648800000000001,8.1734000000000009,10.0167,15.2065,6.465599999999999,28.2779,5.7057,7.5438,14.4497,5.829199999999999,1995-05-01
12.2271,8.6336,10.3718,15.7434,6.7238999999999995,29.141199999999998,5.9111,7.654400000000001,15.3922,6.1239,1995-06-01
11.1975,9.8911,9.8234,15.2,6.9973,27.361,5.943,7.577000000000001,15.461199999999998,5.7449,1995-07-01
11.4014,10.302200000000001,10.1668,15.618900000000002,7.604299999999999,28.9054,6.1791,8.0717,15.3575,6.028099999999999,1995-08-01
11.4826,10.4078,10.1617,15.3199,7.6082,31.0255,6.0298,8.1824,15.489,6.2457,1995-09-01
12.299100000000001,10.3958,10.406500000000001,15.6554,7.7446,32.5145,6.2472,8.8428,16.381500000000003,6.5363,1995-10-01
12.4403,9.8741,10.1874,15.6825,7.8675999999999995,32.3266,5.944,8.898200000000001,16.5736,6.418200000000001,1995-11-01
12.983699999999999,10.436900000000001,10.7492,16.3064,7.8801,33.3084,6.3373,9.37,16.7349,6.7877,1995-12-01
13.1448,10.910499999999999,10.9485,17.328599999999998,7.566,34.8183,6.3252999999999995,9.944600000000001,17.5048,6.859500000000001,1996-01-01
13.5128,11.3313,11.3815,17.4902,7.7277,35.0758,6.3573,10.549100000000001,17.784000000000002,7.1224,1996-02-01
13.931,11.5669,11.498,17.6333,8.2373,34.1616,6.6299,10.4799,17.2078,7.311,1996-03-01
13.765699999999999,12.1103,11.9443,18.5088,7.9028,33.6479,6.9998000000000005,10.549000000000001,17.043,7.3553,1996-04-01
13.8123,12.580499999999999,12.237,19.307100000000002,8.7388,34.9465,7.3298000000000005,10.537,16.5383,7.3973,1996-05-01
14.882,12.9595,12.5045,19.429000000000002,9.1046,34.9045,7.6951,10.9769,16.7396,7.5390999999999995,1996-06-01
14.342,11.4494,11.867899999999999,19.408,8.0196,28.8496,6.908099999999999,9.79,17.5869,7.364400000000001,1996-07-01
13.780899999999999,10.962200000000001,11.4699,18.5839,7.459199999999999,26.3061,6.4274000000000004,9.222100000000001,16.511300000000002,7.0739,1996-08-01
13.8104,11.3329,11.7817,19.0935,7.8027,26.0445,6.8438,9.6559,16.8861,7.3452,1996-09-01
14.3452,11.58,12.5692,20.0177,8.670499999999999,26.2209,7.143,10.371500000000001,16.9217,7.760700000000001,1996-10-01
14.590399999999999,11.9855,12.836500000000001,21.2052,8.5397,26.3097,7.0209,10.296700000000001,17.467200000000002,8.0977,1996-11-01
15.3506,12.3695,13.5272,22.3097,9.6023,27.7252,7.2802999999999995,11.073,17.825599999999998,8.739600000000001,1996-12-01
15.383299999999998,12.0481,13.538499999999999,22.695100000000004,9.3358,28.2113,7.103300000000001,10.818900000000001,17.7725,8.5713,1997-01-01
16.4294,12.3627,14.1103,23.6815,10.275,28.948800000000002,7.1371,11.8915,17.9485,9.1111,1997-02-01
17.2458,12.3933,14.2992,22.297199999999997,9.5721,30.0955,7.394,12.061300000000001,17.8392,9.4168,1997-03-01
16.4003,12.024000000000001,13.7847,23.4615,9.0825,27.0839,7.2846,11.1988,17.2647,8.9139,1997-04-01
17.3786,12.5125,14.5758,23.5802,9.812899999999999,28.0163,7.4363,11.9155,16.9687,9.3885,1997-05-01
18.6192,13.320599999999999,15.759300000000001,25.366799999999998,10.818599999999998,30.0148,7.9322,12.7875,17.1918,9.8843,1997-06-01
18.2225,11.3302,15.6241,24.9787,9.9326,28.9125,7.990399999999999,12.7672,17.6572,9.7275,1997-07-01
18.8679,12.333,16.6802,27.187600000000003,11.5811,28.3088,8.6943,13.0948,18.1757,10.650599999999999,1997-08-01
17.798299999999998,12.4565,15.8127,27.1626,11.4127,27.8708,8.5809,12.420499999999999,17.8778,10.174199999999999,1997-09-01
18.7694,13.1009,16.4605,29.379299999999997,11.8399,30.8842,9.145900000000001,13.3205,18.6253,11.0327,1997-10-01
18.241,12.7994,15.552200000000001,28.9747,10.9343,32.0482,8.9975,13.222100000000001,18.723399999999998,10.740499999999999,1997-11-01
19.6037,12.6264,16.3207,28.366500000000002,11.1876,36.4551,9.5898,13.6722,20.0839,11.1053,1997-12-01
20.589699999999997,13.1701,16.3945,28.084699999999998,10.789000000000001,38.463499999999996,9.655,14.2358,21.7967,11.670399999999999,1998-01-01
20.265,13.2764,16.5519,26.5927,11.4544,40.7973,9.8286,15.0984,20.776300000000003,11.489700000000001,1998-02-01
21.467100000000002,15.0243,17.7791,28.628600000000002,12.723199999999999,42.907,10.9803,16.114,21.298000000000002,12.575999999999999,1998-03-01
22.8494,16.1033,18.6985,30.1308,12.993699999999999,47.4243,11.7649,16.75,22.828200000000002,13.3169,1998-04-01
22.2592,16.3845,18.9591,31.7392,13.8116,46.1074,11.785499999999999,17.2067,22.206999999999997,13.6687,1998-05-01
22.8304,17.505,18.6948,30.273200000000003,12.904200000000001,45.7959,12.1327,16.9311,21.9312,13.3554,1998-06-01
21.439,15.019400000000001,17.9259,28.9437,13.423699999999998,46.5945,12.470999999999998,16.717200000000002,24.584899999999998,13.318599999999998,1998-07-01
20.683400000000002,14.9652,16.944200000000002,27.354200000000002,13.5627,49.115500000000004,12.1733,16.801,23.1869,13.186,1998-08-01
18.1746,12.2526,14.596400000000001,24.4593,11.331600000000002,41.8099,10.590399999999999,14.841700000000001,23.8129,10.4153,1998-09-01
18.613,12.4951,14.8248,27.639,13.2653,47.0524,10.9298,16.9787,25.9742,10.3116,1998-10-01
20.879299999999997,12.113199999999999,16.5854,28.117600000000003,14.2105,51.0603,12.1279,17.8482,25.430999999999997,11.136199999999999,1998-11-01
22.618499999999997,12.7204,17.2887,28.339699999999997,16.0351,53.873999999999995,13.4125,19.1973,25.676,11.8758,1998-12-01
22.9031,13.4914,17.8724,25.4424,18.5748,62.7233,14.814300000000001,20.27,26.3112,12.286800000000001,1999-01-01
22.2669,14.5694,18.2089,24.0216,21.5639,69.569,15.2218,20.4728,24.7124,12.525,1999-02-01
21.499899999999997,14.0031,17.9009,24.020300000000002,19.2637,67.3778,15.2971,20.881999999999998,23.8402,12.6604,1999-03-01
21.2823,14.0476,18.8555,28.312600000000003,20.9556,68.0628,15.888900000000001,21.5863,23.351300000000002,13.061,1999-04-01
22.2804,15.4726,20.6146,33.685300000000005,21.7113,74.8833,16.0567,20.4828,25.1285,14.033499999999998,1999-05-01
22.8252,15.0692,19.9691,32.8694,21.604899999999997,72.2609,15.5592,20.2857,26.720399999999998,13.5628,1999-06-01
22.5431,15.654300000000001,20.3527,32.3898,23.7079,75.6213,16.532799999999998,21.2629,25.6334,15.1032,1999-07-01
22.0996,14.6798,20.3929,33.9244,23.5172,75.6902,15.8468,20.4939,25.6373,14.2607,1999-08-01
21.3504,14.826099999999999,20.4393,34.999,25.0925,69.9316,14.9794,21.614099999999997,25.8211,13.6044,1999-09-01
19.819200000000002,13.6166,19.9831,33.7791,25.266199999999998,69.3882,15.197000000000001,20.1917,24.582800000000002,13.028599999999999,1999-10-01
21.2869,14.169400000000001,21.438200000000002,33.6315,26.301399999999997,76.7349,15.7605,22.940700000000003,24.953400000000002,14.6356,1999-11-01
21.4067,14.0854,21.320100000000004,29.9793,29.9672,80.60210000000001,16.621199999999998,23.549400000000002,23.006999999999998,14.324000000000002,1999-12-01
20.845,14.593499999999999,23.5517,30.395599999999998,36.4688,83.76010000000001,17.8789,22.3942,22.2414,14.572000000000001,2000-01-01
19.963800000000003,14.5537,21.7048,30.7687,34.916799999999995,81.91,15.9694,24.3215,23.5333,13.9858,2000-02-01
18.8929,13.304,20.986,29.138,41.4885,78.8867,15.386,23.7056,21.7694,13.162,2000-03-01
20.3379,14.808900000000001,22.5725,31.3494,43.6405,84.8814,17.5582,23.2744,23.4077,15.1897,2000-04-01
20.2053,16.3299,22.930999999999997,30.894499999999997,39.4227,76.7498,16.840999999999998,24.7308,25.2581,14.8343,2000-05-01
21.9267,14.344100000000001,22.686999999999998,33.877199999999995,35.4896,67.1099,16.4767,23.949099999999998,26.0094,15.4671,2000-06-01
19.0468,12.6972,16.1901,34.8278,36.7904,63.9118,15.556400000000002,28.347800000000003,24.6738,17.7299,2000-07-01
19.3844,13.267999999999999,16.0573,33.9796,35.1198,59.0937,15.5578,26.7828,25.4907,18.7781,2000-08-01
19.0527,13.9641,17.3551,36.7491,39.9259,58.2734,15.3729,27.980300000000003,29.5179,20.6194,2000-09-01
19.5583,13.847999999999999,16.570899999999998,38.6249,34.3517,56.569399999999995,15.9887,29.3535,31.6136,20.936300000000003,2000-10-01
21.2544,14.2961,17.1839,37.7242,31.9699,56.86109999999999,16.0327,30.6534,31.292800000000003,20.788400000000003,2000-11-01
21.938499999999998,12.7808,16.7645,37.2532,24.8765,48.586800000000004,16.1249,31.412399999999998,31.9505,19.4929,2000-12-01
23.298099999999998,12.744000000000002,18.2238,40.6108,23.1572,46.839,17.3316,32.7309,32.9873,20.4601,2001-01-01
22.9166,14.510399999999999,17.9248,39.4396,27.0779,53.704899999999995,18.6827,30.249299999999998,29.3787,20.518,2001-02-01
23.1306,14.296600000000002,17.2581,40.2805,20.2923,49.5366,17.9082,30.2731,31.301,19.723699999999997,2001-03-01
22.2206,13.8774,16.4555,40.2109,17.7539,48.631800000000005,17.575499999999998,28.0575,31.6061,19.0355,2001-04-01
22.7723,15.3699,17.9454,44.753,21.3459,50.0699,18.9374,29.553,33.5583,20.3821,2001-05-01
23.828899999999997,15.3112,18.4391,44.9196,21.0017,50.25770000000001,19.3532,30.3033,33.5886,21.3229,2001-06-01
23.9199,13.964500000000001,16.6982,37.5291,21.1426,58.53020000000001,18.8992,28.9433,34.7119,21.213,2001-07-01
23.6079,14.6378,16.8919,37.5902,20.1291,59.2535,20.1901,29.7439,33.3171,20.7925,2001-08-01
24.312199999999997,13.0176,16.589100000000002,36.0671,17.7145,54.0721,18.998800000000003,28.9146,33.3288,19.7705,2001-09-01
23.653299999999998,10.8945,14.5285,31.757800000000003,14.494200000000001,53.6374,17.3329,28.8341,31.2858,18.2952,2001-10-01
24.2771,10.9772,15.2334,33.3954,16.9977,50.175,17.9203,29.348200000000002,31.6543,18.325499999999998,2001-11-01
24.6705,12.961099999999998,16.553900000000002,32.08,19.8448,53.6946,19.7371,30.891,31.0158,19.8634,2001-12-01
25.4438,12.854700000000001,16.9889,34.2191,19.9292,55.7254,20.845399999999998,30.078699999999998,32.4104,20.788400000000003,2002-01-01
26.096,13.4475,17.3624,33.2276,19.9713,53.3633,21.4675,29.4142,30.962699999999998,20.663,2002-02-01
27.3893,13.8356,18.1146,35.0875,17.489,53.628,21.7156,29.2946,30.700100000000003,20.7748,2002-03-01
28.5026,15.1714,19.236900000000002,38.0114,18.8533,54.8221,22.2409,29.749299999999998,34.0629,22.0491,2002-04-01
29.422399999999996,15.4424,19.0253,36.5141,16.6772,48.9421,21.955,27.5367,33.8617,21.5281,2002-05-01
29.8727,15.342,19.0728,36.0773,16.2197,52.4111,21.8048,27.1159,31.590100000000003,21.436,2002-06-01
28.5295,13.781500000000001,18.3244,39.3568,13.8356,46.0103,20.843600000000002,23.3519,31.043000000000003,20.9676,2002-07-01
26.7251,12.188099999999999,16.873800000000003,34.6945,12.7391,41.0158,18.586,22.847399999999997,27.2652,19.83,2002-08-01
27.6012,12.222000000000001,16.7027,33.916199999999996,12.769100000000002,41.694700000000005,18.9205,23.035999999999998,28.0277,20.1558,2002-09-01
25.676199999999998,10.8753,15.4166,31.8063,10.8057,37.9373,17.2894,21.86,24.9037,18.1488,2002-10-01
26.959400000000002,10.6137,16.152,33.0273,13.0208,46.1892,18.3471,23.156100000000002,24.6629,19.3776,2002-11-01
26.7197,11.4704,17.2347,34.075500000000005,15.3115,54.195699999999995,18.750799999999998,24.298299999999998,24.9122,20.2844,2002-12-01
26.6677,10.7254,16.766099999999998,34.3446,13.5007,49.824799999999996,17.5517,23.423299999999998,25.6104,19.459600000000002,2003-01-01
25.703400000000002,10.5593,16.188399999999998,33.4795,13.467,47.633100000000006,16.743499999999997,23.464699999999997,24.699099999999998,19.062,2003-02-01
25.2526,9.9953,15.9039,34.1854,13.96,45.2397,16.6301,23.444000000000003,23.5802,18.6078,2003-03-01
24.684299999999997,10.0896,16.1491,34.926500000000004,13.9728,45.682700000000004,17.5554,23.3902,24.4346,18.8359,2003-04-01
25.9589,11.5753,17.1944,34.9972,15.422699999999999,51.612899999999996,19.3616,24.4402,26.167800000000003,21.1862,2003-05-01
28.519000000000002,11.8685,17.980999999999998,38.0867,17.1677,54.8591,20.2746,25.6004,28.673299999999998,22.3571,2003-06-01
28.3635,11.3673,18.0074,37.705799999999996,17.2971,57.305600000000005,20.1964,28.0501,31.1618,22.132199999999997,2003-07-01
28.0742,12.2152,18.9761,36.9446,18.4938,56.4429,20.9678,28.3594,29.4641,23.0442,2003-08-01
28.477199999999996,13.264000000000001,19.7858,39.0446,19.792,57.3654,22.4637,27.5506,30.153499999999998,23.241300000000003,2003-09-01
28.805300000000003,12.826199999999998,19.126199999999997,38.4333,19.8129,54.087700000000005,21.608,27.666900000000002,31.243499999999997,23.3884,2003-10-01
30.496,13.6997,20.8812,39.036,21.6763,57.9538,23.727199999999996,27.8752,31.6314,25.0573,2003-11-01
31.6736,14.0824,21.445,39.3769,22.226799999999997,58.559,24.1077,28.3864,31.7821,25.5279,2003-12-01
33.0702,15.941500000000001,22.9065,45.3389,22.8573,62.9411,23.723200000000002,30.0537,33.5551,26.788800000000002,2004-01-01
33.2185,15.8897,22.7746,46.0754,24.0647,63.600500000000004,23.874899999999997,31.136,34.1042,27.608,2004-02-01
34.5993,15.9956,23.336199999999998,47.9504,23.6383,63.818000000000005,25.368499999999997,31.4212,34.6709,28.2324,2004-03-01
34.7352,15.7907,23.3218,47.9347,23.124299999999998,62.461999999999996,25.791,30.316,34.9811,27.7071,2004-04-01
35.2083,16.2923,23.3464,49.743500000000004,22.0513,62.4818,25.343200000000003,31.4977,33.649899999999995,26.8616,2004-05-01
34.8083,15.9659,23.7566,49.986000000000004,23.28,61.1616,25.4424,31.526300000000003,33.9321,27.484699999999997,2004-06-01
34.8878,17.4784,25.1539,49.9324,23.688499999999998,57.8533,25.065700000000003,28.647100000000002,35.4464,27.0004,2004-07-01
32.924299999999995,16.6415,24.1983,51.5594,21.796,57.6823,24.368000000000002,27.0445,35.736,26.4475,2004-08-01
33.411500000000004,16.2254,24.6004,50.88399999999999,20.8144,58.297799999999995,24.0994,27.433400000000002,36.8892,27.0564,2004-09-01
32.7481,16.7421,25.1575,55.357299999999995,21.6791,56.297200000000004,24.9181,27.0706,37.3079,27.4149,2004-10-01
33.650999999999996,16.3755,24.901799999999998,55.679300000000005,22.9672,58.887299999999996,25.9553,26.4379,38.7977,27.7605,2004-11-01
35.5807,17.6833,26.756999999999998,59.1338,24.0614,59.8239,26.9327,26.6715,40.9062,29.116300000000003,2004-12-01
37.1496,18.4952,27.7632,57.7396,24.7945,62.275299999999994,27.904,28.284899999999997,41.8156,30.744699999999998,2005-01-01
37.5394,17.346700000000002,27.334600000000002,59.4805,23.3285,59.888999999999996,27.6553,27.1263,42.48609999999999,30.3154,2005-02-01
37.9269,17.5917,28.702399999999997,71.3001,23.358600000000003,58.923500000000004,27.831799999999998,27.764400000000002,43.304300000000005,30.4149,2005-03-01
37.8008,16.3363,28.347199999999997,69.211,22.8862,59.2531,27.9981,27.663,43.430600000000005,29.7401,2005-04-01
37.591300000000004,14.6515,27.1415,65.5933,22.039299999999997,58.3242,26.6701,28.8671,44.2636,29.4366,2005-05-01
38.759,15.895299999999999,27.8997,67.094,24.0935,59.906400000000005,28.422600000000003,29.3323,44.8445,30.44,2005-06-01
39.4209,16.3673,26.3995,64.0075,23.084899999999998,53.5993,28.1089,27.5042,45.848800000000004,30.0882,2005-07-01
40.978,17.7389,28.0348,67.01350000000001,24.616300000000003,53.1545,29.6648,28.703000000000003,47.1206,30.9542,2005-08-01
40.9375,17.1799,27.749499999999998,70.6234,24.655,52.4766,28.2052,28.749200000000002,47.52439999999999,30.5226,2005-09-01
41.7552,16.4341,27.0956,76.21300000000001,24.9813,52.0572,27.874699999999997,28.4422,49.4995,30.9311,2005-10-01
41.1071,15.6829,26.3954,68.4333,24.7274,50.4403,28.418400000000002,27.741300000000003,46.448299999999996,31.4121,2005-11-01
41.881,16.1481,27.653299999999998,69.702,26.3977,52.111000000000004,29.798099999999998,28.256999999999998,46.148999999999994,33.0567,2005-12-01
42.215,16.156,28.0771,70.2161,26.168200000000002,51.0287,29.656799999999997,29.077600000000004,46.594300000000004,33.051,2006-01-01
42.238,17.0719,29.569499999999998,79.0158,27.430300000000003,53.6892,30.6852,29.8964,47.9376,33.628,2006-02-01
42.9238,17.1323,29.7945,72.30930000000001,27.282600000000002,55.864200000000004,31.311999999999998,30.2152,47.8536,34.0325,2006-03-01
43.299499999999995,17.5829,30.838800000000003,73.2179,28.2634,56.84270000000001,32.1189,29.5983,45.573299999999996,34.7147,2006-04-01
44.2076,17.6177,32.0015,77.1553,28.1379,55.888999999999996,31.7557,29.180300000000003,46.7469,35.5163,2006-05-01
45.1043,17.6992,30.9206,74.209,26.3108,55.7847,31.182199999999998,28.5627,47.263000000000005,34.4088,2006-06-01
38.6414,16.1653,30.9672,68.5089,25.160500000000003,58.5977,30.453899999999997,26.305100000000003,49.868199999999995,33.3476,2006-07-01
40.1273,15.6649,29.8604,71.4253,24.339299999999998,60.2429,29.2625,27.4192,52.2641,33.1582,2006-08-01
41.3244,16.1553,30.5843,68.8549,26.1756,62.1013,30.1861,28.0242,53.2197,33.7798,2006-09-01
41.071400000000004,16.9876,31.320700000000002,66.5941,27.358800000000002,64.8602,31.9937,28.5009,51.982200000000006,34.8364,2006-10-01
42.3853,18.3522,32.735,69.9846,28.541999999999998,69.0932,33.2209,28.9362,54.7007,35.94,2006-11-01
43.282799999999995,18.6422,34.1026,76.2381,29.334,71.25439999999999,32.7458,29.0581,56.137299999999996,36.5569,2006-12-01
44.3562,18.5961,34.448299999999996,75.0224,29.2634,68.6579,33.314499999999995,29.3656,56.430200000000006,37.9972,2007-01-01
45.0071,19.0211,35.5752,74.00880000000001,30.0955,70.4862,34.6713,30.459,56.9961,38.662800000000004,2007-02-01
44.6034,18.8931,35.3784,72.9973,29.613899999999997,68.8959,34.008,29.620700000000003,59.1054,37.787600000000005,2007-03-01
45.5826,18.8662,36.5443,77.2613,30.0141,71.0782,34.3137,29.769899999999996,62.0841,37.9559,2007-04-01
47.679399999999994,20.0313,38.3131,81.2288,31.7953,72.0765,35.2221,31.827399999999997,63.737899999999996,39.358200000000004,2007-05-01
49.4173,20.629,40.448,88.2142,33.2727,77.3082,36.257600000000004,32.0497,64.7038,40.7372,2007-06-01
47.104099999999995,19.7977,37.5271,79.993,31.5627,85.3818,33.9501,28.6404,61.296800000000005,36.6672,2007-07-01
45.9098,18.8219,37.5805,79.0497,31.5093,83.1167,32.3381,27.673099999999998,58.818000000000005,34.8949,2007-08-01
46.921499999999995,18.458399999999997,37.8251,79.0616,32.446,82.98780000000001,33.076100000000004,28.166900000000002,59.6505,35.3247,2007-09-01
48.567,18.9483,39.971599999999995,85.2485,33.9067,84.6285,33.1254,29.2304,59.21060000000001,36.3573,2007-10-01
49.8304,19.2758,40.4713,87.89569999999999,36.4043,83.0399,34.0774,29.8457,63.7725,36.513400000000004,2007-11-01
50.4942,17.676099999999998,39.3953,83.8434,33.9765,77.66,32.9535,29.8501,63.0589,34.4827,2007-12-01
49.801899999999996,17.1244,39.791,90.255,34.743,77.9867,32.1132,28.7808,64.0952,33.2006,2008-01-01
47.3991,16.185,37.0625,82.9757,30.5293,72.4718,32.0181,27.5546,59.57,32.7285,2008-02-01
47.324,15.1841,37.4116,89.98610000000001,29.6041,70.22,30.695100000000004,27.373800000000003,57.5379,30.2984,2008-03-01
47.9165,14.6822,37.4343,87.83239999999999,29.8768,70.7217,31.5338,27.206,57.8645,29.8689,2008-04-01
47.8471,15.6449,39.5197,97.79799999999999,32.1554,74.149,33.4163,27.575599999999998,61.5066,31.0172,2008-05-01
49.3896,15.8168,40.6394,101.63040000000001,34.179,77.60079999999999,33.849000000000004,28.069200000000002,63.4587,30.422399999999996,2008-06-01
44.023900000000005,11.799000000000001,34.5486,95.3301,29.234099999999998,66.8858,29.201,25.593000000000004,62.4794,24.8488,2008-07-01
45.200500000000005,11.758299999999998,34.5813,80.9906,29.275,64.9208,29.8028,27.5289,57.9405,25.9094,2008-08-01
46.381499999999996,11.949100000000001,35.1432,80.73819999999999,30.3578,68.0417,31.5449,28.129499999999997,57.564099999999996,26.0448,2008-09-01
44.3622,10.8343,30.4796,70.9388,26.819699999999997,59.930600000000005,30.0755,26.73,50.5513,24.5812,2008-10-01
36.9694,7.2942,24.207800000000002,60.05350000000001,22.0411,50.709399999999995,25.5958,23.7296,44.848,19.7596,2008-11-01
35.0476,6.5274,22.3475,60.2307,19.7077,50.3103,23.715799999999998,22.055300000000003,45.595699999999994,17.322400000000002,2008-12-01
34.954899999999995,6.5909,22.7481,58.7358,20.1945,52.4063,25.023899999999998,23.839699999999997,44.5167,17.304100000000002,2009-01-01
33.310300000000005,5.850700000000001,20.749699999999997,56.6554,19.6893,47.0855,23.13,23.509,44.1211,14.284,2009-02-01
30.720399999999998,5.2166,18.1379,49.8758,18.755399999999998,44.1835,22.4487,19.4304,38.3142,12.2498,2009-03-01
32.622600000000006,5.8887,19.4417,52.1137,21.1439,47.0214,24.7668,20.8773,39.2419,13.9298,2009-04-01
34.210100000000004,8.7389,22.9052,55.0884,23.854699999999998,51.1955,27.1037,21.0323,39.9807,16.2544,2009-05-01
36.814,8.5558,24.1989,60.5154,24.8447,53.1301,26.8769,22.5729,41.599799999999995,17.485599999999998,2009-06-01
36.3305,9.6172,23.239,55.3584,25.8111,51.233900000000006,26.4384,22.8254,43.9088,18.0765,2009-07-01
39.166399999999996,11.6253,25.9364,58.4907,28.082600000000003,53.7012,28.3653,24.2323,45.7619,19.8175,2009-08-01
39.6288,11.9638,26.6944,58.718199999999996,28.6701,54.5501,29.430100000000003,24.9037,45.6083,21.468400000000003,2009-09-01
41.045500000000004,12.206900000000001,28.452199999999998,62.0196,30.3806,58.5817,30.272199999999998,24.284000000000002,46.943000000000005,22.1924,2009-10-01
40.760799999999996,12.2573,27.7392,64.59909999999999,30.024,56.921499999999995,30.6825,22.595,45.5895,21.1352,2009-11-01
42.6775,13.510299999999999,29.9403,66.4674,31.5484,61.692,32.2729,24.6369,47.408699999999996,22.4236,2009-12-01
43.5982,14.265799999999999,30.747600000000002,66.0952,33.592800000000004,66.2217,33.115700000000004,25.4734,50.044399999999996,22.6776,2010-01-01
42.751999999999995,14.1985,29.8702,62.8879,31.1735,61.985299999999995,32.5839,25.6063,47.7367,22.3731,2010-02-01
44.1455,15.2295,31.3609,65.2217,32.7493,63.638999999999996,34.1408,25.9261,47.26520000000001,23.2674,2010-03-01
46.47560000000001,16.6409,33.4081,67.28739999999999,35.3996,68.43390000000001,36.1995,26.8235,48.595600000000005,25.346799999999998,2010-04-01
46.220699999999994,17.8438,34.5681,70.4235,36.278800000000004,71.00189999999999,37.310700000000004,26.274299999999997,49.89810000000001,25.9443,2010-05-01
43.5316,16.2101,31.6428,61.8112,33.3987,67.4197,35.3414,24.1148,46.510799999999996,23.785,2010-06-01
42.0723,14.820799999999998,29.0196,56.130500000000005,30.495,61.0674,30.7486,23.862,46.6056,23.543499999999998,2010-07-01
45.1297,17.1461,31.708299999999998,60.3857,32.9307,67.0827,32.3903,24.477899999999998,49.6914,25.1705,2010-08-01
44.804700000000004,15.6349,30.085500000000003,59.0417,30.904600000000002,65.6978,31.0119,24.0398,50.0476,23.4135,2010-09-01
47.271899999999995,17.7336,33.0825,64.8276,35.209,71.48649999999999,34.8549,26.2738,51.7258,25.465799999999998,2010-10-01
49.1835,19.4452,34.916799999999995,67.9846,37.7923,74.33239999999999,35.7718,26.989099999999997,52.5982,26.135,2010-11-01
49.3059,20.8734,35.6267,72.75,37.9019,72.8681,37.309400000000004,26.3877,52.4904,26.468000000000004,2010-12-01
51.1684,22.8976,38.2541,79.55109999999999,40.395,77.51310000000001,38.533899999999996,27.9623,54.023199999999996,29.0698,2011-01-01
49.927,23.2205,39.4227,86.072,42.369,77.1425,38.286100000000005,27.938499999999998,55.473800000000004,29.7106,2011-02-01
52.6002,23.562399999999997,41.049499999999995,92.3023,43.4062,84.36959999999999,39.2018,28.8852,56.542,30.695500000000003,2011-03-01
54.4647,23.9625,41.86109999999999,94.77870000000001,43.3291,85.4025,39.7895,29.367199999999997,56.8406,30.6234,2011-04-01
57.2583,24.4896,43.226099999999995,96.26989999999999,44.978199999999994,87.7818,41.899899999999995,31.3343,59.0205,31.0938,2011-05-01
59.008900000000004,23.590999999999998,42.2975,92.7983,44.478500000000004,89.18,42.4887,32.4134,60.1346,30.4386,2011-06-01
57.1828,27.319699999999997,40.1685,88.7734,41.3195,82.6504,39.9614,30.199699999999996,61.7029,30.008699999999997,2011-07-01
57.2355,24.875999999999998,38.2667,88.975,41.3536,78.1439,39.6788,29.1537,61.3824,28.9361,2011-08-01
56.9895,21.8427,35.8739,80.2244,38.5415,74.6878,38.4306,28.267,61.7923,26.637600000000003,2011-09-01
54.2438,18.7505,31.988200000000003,70.3115,36.969699999999996,70.2538,36.9347,27.199699999999996,60.6376,23.776,2011-10-01
57.9565,23.3579,36.6355,82.1658,41.7063,75.16239999999999,40.749,28.7454,64.9245,27.2165,2011-11-01
59.6337,21.4552,37.1698,84.89299999999999,40.983000000000004,75.9676,41.2295,29.1511,65.6472,26.7769,2011-12-01
60.53020000000001,21.154,36.9937,85.0915,40.777,78.8758,41.718900000000005,30.0379,68.06479999999999,27.2714,2012-01-01
60.7311,23.9956,39.4381,86.3209,44.556599999999996,80.3396,43.643,31.3235,66.17020000000001,29.3381,2012-02-01
63.0155,25.4129,41.0567,92.1503,47.728,84.1832,45.0629,31.7723,66.7042,30.6189,2012-03-01
65.5527,25.640900000000002,41.3403,89.0874,50.133199999999995,86.00049999999999,46.459300000000006,33.2279,67.6912,32.2352,2012-04-01
66.0448,23.6652,41.1566,88.2377,49.0896,87.0423,47.004,33.4692,67.0487,31.859299999999998,2012-05-01
65.3401,21.698400000000003,37.9664,79.0052,45.2145,86.28110000000001,45.841499999999996,32.5429,66.7371,29.525199999999998,2012-06-01
64.3301,20.5182,36.797,76.5451,45.234399999999994,83.8321,44.461099999999995,32.7052,67.8456,30.1006,2012-07-01
65.1735,20.8111,37.1214,80.027,45.6109,86.91290000000001,45.2397,33.524899999999995,70.242,29.749499999999998,2012-08-01
65.9685,21.620900000000002,38.416599999999995,81.5892,47.7891,87.7057,46.611999999999995,34.0535,67.3891,30.8898,2012-09-01
66.5455,22.6222,39.170500000000004,86.4234,48.6233,91.855,48.002700000000004,35.6434,68.6363,32.224000000000004,2012-10-01
65.3638,23.9117,39.0101,85.243,45.9174,90.955,47.6187,34.9779,69.321,32.604,2012-11-01
67.3338,24.895,40.383,84.1171,46.9393,91.84639999999999,48.223,35.791199999999996,66.7988,32.5135,2012-12-01
65.875,26.651500000000002,41.436899999999994,85.17020000000001,47.109399999999994,93.51889999999999,47.8609,35.675399999999996,66.64920000000001,33.6374,2013-01-01
70.3038,27.5379,43.9354,91.5169,48.3404,98.546,50.930699999999995,38.5774,69.899,36.0253,2013-02-01
72.42689999999999,27.792600000000004,44.4975,91.69850000000001,48.9058,100.7508,51.29600000000001,39.365500000000004,71.06909999999999,36.62,2013-03-01
75.7714,29.2122,45.7327,94.7454,50.80350000000001,106.3225,54.1012,41.971199999999996,74.899,38.3348,2013-04-01
79.582,30.272,46.1408,94.2564,51.2239,111.5369,55.8763,42.9603,78.6745,38.8607,2013-05-01
77.638,33.1718,47.6456,97.0774,53.7395,108.9929,57.3486,43.9337,73.4251,41.313900000000004,2013-06-01
74.9016,30.4835,45.196099999999994,90.6143,49.998400000000004,103.8814,53.8908,39.8433,79.3194,40.007600000000004,2013-07-01
77.9429,33.5535,48.0668,95.8505,53.201499999999996,108.0652,57.0347,43.1617,82.8562,42.318999999999996,2013-08-01
74.9888,33.4981,47.1926,94.23469999999999,53.239799999999995,105.54299999999999,54.4981,41.5837,78.8046,40.8448,2013-09-01
76.5287,35.896,49.8896,96.6465,55.1742,109.8832,57.2197,43.575,79.3594,42.422700000000006,2013-10-01
81.1131,36.3835,52.195,101.85790000000001,57.831,115.8478,61.3029,45.1828,81.85600000000001,44.1367,2013-11-01
82.0065,37.036,53.59,102.8301,59.999399999999994,118.1891,63.645,47.182700000000004,80.3287,46.297200000000004,2013-12-01
83.68610000000001,37.4346,55.190200000000004,105.8938,62.5989,122.60799999999999,64.0296,47.744,81.4974,47.821000000000005,2014-01-01
79.8507,36.017199999999995,53.6516,98.5749,62.0554,117.5077,60.2021,48.641400000000004,83.39030000000001,45.9248,2014-02-01
82.5256,39.3151,56.698299999999996,104.9576,65.09649999999999,121.6216,63.3355,51.7747,85.55,47.555699999999995,2014-03-01
85.28479999999999,38.8138,56.95399999999999,108.16069999999999,64.9467,122.97139999999999,63.0579,50.5062,87.61149999999999,48.621,2014-04-01
86.7764,38.8744,57.8166,114.28,64.2361,123.008,62.5947,50.452799999999996,90.9935,47.8074,2014-05-01
90.19760000000001,39.0993,58.3824,115.4489,66.6725,129.4192,63.0745,51.3913,90.5539,48.8012,2014-06-01
88.48729999999999,41.795500000000004,56.516999999999996,108.2929,63.2629,134.3031,63.509499999999996,42.2712,95.50139999999999,46.8175,2014-07-01
84.6155,39.7663,54.110299999999995,104.3525,63.42060000000001,134.8702,62.693400000000004,42.056999999999995,89.9567,45.8746,2014-08-01
89.8224,41.746700000000004,56.604,107.0046,66.0551,136.6881,65.70689999999999,44.4248,94.35520000000001,47.861599999999996,2014-09-01
89.8544,38.1975,55.1152,99.78299999999999,65.5539,136.0349,65.18,44.3676,90.9086,47.376999999999995,2014-10-01
92.16969999999999,39.5571,56.4908,95.76190000000001,66.7687,138.18120000000002,67.1006,47.3817,96.84540000000001,49.1115,2014-11-01
96.353,41.628299999999996,57.7613,86.6992,69.92479999999999,142.9812,72.0891,48.5674,96.7041,50.422,2014-12-01
94.255,41.6488,57.636,87.64299999999999,69.5293,139.7802,73.3553,48.151199999999996,98.23360000000001,51.1026,2015-01-01
93.5732,39.7858,55.7517,84.3731,67.42699999999999,132.9257,73.8428,49.0507,99.3442,47.9779,2015-02-01
98.9549,42.9161,59.1988,89.02420000000001,73.2266,144.7052,78.0415,49.666000000000004,94.5213,51.614200000000004,2015-03-01
96.06700000000001,43.103,57.9042,86.7261,71.7182,142.9675,78.4188,50.073,93.96629999999999,51.5309,2015-04-01
96.8108,41.8408,57.381899999999995,93.0889,73.1752,147.5593,76.7247,49.2517,94.1127,51.8544,2015-05-01
97.7136,42.2037,58.0351,88.42479999999999,74.9434,147.9571,77.4188,51.5026,93.6505,52.9392,2015-06-01
92.4255,40.9233,54.6381,84.6266,68.0249,141.87290000000002,72.917,43.2229,93.0644,49.8962,2015-07-01
96.9535,40.0555,53.3676,77.48020000000001,69.7165,143.39430000000002,77.2256,44.71060000000001,95.34030000000001,50.875600000000006,2015-08-01
93.5563,37.5862,50.9666,74.7235,65.7854,131.3373,72.97890000000001,40.7549,91.01950000000001,47.8087,2015-09-01
93.20360000000001,36.640100000000004,48.9309,71.30770000000001,65.7077,127.9148,71.5941,38.0501,90.28120000000001,46.572399999999995,2015-10-01
99.4752,39.111399999999996,53.583800000000004,80.4421,72.7361,138.8692,74.9725,40.7804,91.9773,49.725500000000004,2015-11-01
98.3765,39.8316,53.7943,81.4144,73.4066,140.7823,76.16109999999999,41.0971,89.0569,50.8396,2015-12-01
99.4155,38.0511,52.7042,77.70270000000001,71.975,136.3776,76.5566,41.208,86.6681,49.383,2016-01-01
100.14209999999999,32.9026,49.040200000000006,74.8339,67.7124,136.1813,73.237,37.2106,90.62629999999999,45.3031,2016-02-01
100.36219999999999,34.1892,50.7879,73.1753,67.1815,137.4457,73.2041,36.7503,92.01379999999999,45.278800000000004,2016-03-01
106.3848,38.2076,54.1269,81.6733,73.0791,145.7458,77.8314,38.2173,99.6967,48.5162,2016-04-01
106.4949,38.7132,55.4318,91.15709999999999,70.3494,145.5876,77.7502,40.4385,98.79889999999999,49.983000000000004,2016-05-01
107.1408,38.7018,55.1361,90.7626,74.3583,146.77870000000001,78.3516,41.383,100.55799999999999,50.6535,2016-06-01
115.9149,35.0218,53.0883,95.3519,69.9986,154.1984,73.8787,37.6315,109.6822,46.79859999999999,2016-07-01
117.3241,37.9533,55.2535,92.7094,75.845,156.7944,76.6656,40.2835,109.3158,48.846000000000004,2016-08-01
116.3884,37.9928,55.541000000000004,94.9178,76.7997,153.4938,75.8189,38.9942,105.4144,50.6112,2016-09-01
114.7264,37.7587,55.4095,97.531,79.2112,154.12030000000001,75.5484,39.481700000000004,108.2367,50.0695,2016-10-01
114.44959999999999,36.693000000000005,53.9603,95.3395,79.3096,148.7039,72.3815,36.7121,107.40540000000001,50.5421,2016-11-01
109.6675,39.4059,57.3545,103.9446,79.9118,161.9697,75.6511,37.6128,105.1294,56.6104,2016-12-01
113.12870000000001,41.1539,57.624399999999994,105.9192,80.9932,173.7316,75.32770000000001,37.514,109.8201,58.2689,2017-01-01
114.97370000000001,42.2692,59.52270000000001,101.3573,85.2593,181.05470000000003,76.5917,38.4657,108.60600000000001,59.0107,2017-02-01
119.1936,42.0589,62.0105,99.0802,89.3308,180.9542,79.4065,41.3325,112.4571,61.3612,2017-03-01
119.7966,42.40560000000001,62.3402,99.2733,91.92020000000001,182.4759,79.8981,41.482,112.5215,60.6329,2017-04-01
121.2114,43.0449,63.6897,97.3043,94.65969999999999,181.9716,82.2226,41.96810000000001,112.7736,61.2895,2017-05-01
124.56479999999999,43.4763,64.4487,93.9467,98.1859,179.3696,83.745,41.8961,114.979,61.3666,2017-06-01
109.4595,47.5439,63.0422,84.3251,90.6549,168.6493,78.0497,41.4291,113.2684,61.3257,2017-07-01
109.2433,46.9884,64.3012,86.10719999999999,94.9739,178.7672,77.95909999999999,41.8522,117.98440000000001,62.2671,2017-08-01
107.33840000000001,46.9349,60.9459,81.24770000000001,98.7331,174.2642,77.16890000000001,42.9635,121.5069,62.0216,2017-09-01
106.5041,49.365,63.604,90.6461,100.33840000000001,173.5968,79.0496,44.002399999999994,118.81909999999999,65.3708,2017-10-01
106.5111,49.9318,65.44,91.9332,108.0208,167.2618,81.7525,43.2531,122.3021,67.3732,2017-11-01
112.92379999999999,49.598800000000004,67.56649999999999,95.4817,109.4992,174.00130000000001,88.5074,44.1849,124.69850000000001,70.4842,2017-12-01
116.4208,49.099700000000006,69.03569999999999,100.20209999999999,109.6276,181.58599999999998,91.1493,44.0767,118.20129999999999,71.6901,2018-01-01
118.6028,50.3042,72.3416,102.99549999999999,118.8106,188.71990000000002,99.8988,47.2637,114.7607,76.1605,2018-02-01
112.5047,47.7983,69.6121,91.4033,118.7908,179.0803,95.4665,45.383599999999994,109.04889999999999,73.6259,2018-03-01
111.75030000000001,45.0342,67.9687,96.7388,115.3901,174.3922,93.48270000000001,44.532,112.1296,72.1131,2018-04-01
107.2243,44.806099999999994,65.7272,107.21600000000001,115.8043,169.39849999999998,97.2861,44.4207,115.10549999999999,72.63119999999999,2018-05-01
103.6036,46.1091,67.33229999999999,110.2975,124.044,158.76239999999999,98.2397,45.5035,115.4165,73.8852,2018-06-01
99.4141,42.7975,67.60979999999999,104.2575,117.32870000000001,177.90490000000003,98.73110000000001,42.3513,123.26,68.8317,2018-07-01
102.2009,42.2252,71.1971,105.3542,121.212,181.4802,102.0574,44.921800000000005,125.21799999999999,71.6044,2018-08-01
100.874,41.92100000000001,70.7567,102.568,130.1088,186.6119,110.3573,46.9933,125.8168,73.36,2018-09-01
101.95379999999999,40.2949,70.7385,105.7743,130.9871,189.8665,111.8998,48.0685,124.73639999999999,72.6538,2018-10-01
102.4216,39.0007,63.556400000000004,93.7977,119.66239999999999,188.0435,102.68430000000001,44.0008,125.2533,67.4055,2018-11-01
102.6146,41.4696,66.475,91.8812,118.76459999999999,192.65419999999997,103.8752,46.9165,128.7756,69.3599,2018-12-01
90.59200000000001,36.4997,60.6095,80.4078,109.71430000000001,175.5367,95.03120000000001,43.0751,122.9962,62.143699999999995,2019-01-01
97.1373,40.4376,66.36840000000001,90.2939,121.3309,184.16490000000002,102.87469999999999,45.2833,130.41819999999998,68.2472,2019-02-01
99.0333,41.8776,69.64020000000001,93.29700000000001,129.0647,181.1073,104.2279,46.921099999999996,134.4466,70.4866,2019-03-01
102.1356,39.6969,69.3365,95.07440000000001,134.1451,184.7143,108.7696,47.4107,138.5652,69.7649,2019-04-01
105.2728,41.4506,72.2332,95.9948,141.9559,194.65060000000003,114.14280000000001,45.8633,139.7609,74.6275,2019-05-01
99.2317,36.2941,65.4782,84.00200000000001,130.0394,188.7352,107.8039,44.4127,137.0042,69.9815,2019-06-01
104.5226,39.4339,68.1317,85.8674,130.7356,198.7493,109.63889999999999,42.481899999999996,142.5149,71.8524,2019-07-01
106.26379999999999,40.1603,68.866,82.0951,136.2986,201.50130000000001,111.3583,41.5726,140.8331,73.4266,2019-08-01
105.3241,38.6007,67.6806,75.4364,133.6261,204.4879,112.0677,41.27310000000001,145.0409,70.0407,2019-09-01
107.52040000000001,39.981,70.4273,79.23479999999999,136.3067,207.0174,113.708,40.9107,152.1789,71.5148,2019-10-01
109.06540000000001,42.7086,70.5188,78.7053,140.9574,210.4011,115.21889999999999,41.913199999999996,149.8694,74.1092,2019-11-01
111.1525,43.8825,73.0325,80.7758,149.1534,217.37009999999998,118.37559999999999,44.3354,146.0342,78.0147,2019-12-01
114.5933,46.0648,74.22,86.84,155.0794,219.3535,120.1926,46.008,151.5924,80.03609999999999,2020-01-01
114.9913,48.8179,72.4192,77.07560000000001,160.5191,213.59290000000001,122.58760000000001,45.196999999999996,158.6928,79.08189999999999,2020-02-01
105.7292,45.212700000000005,66.35810000000001,64.6267,149.9331,202.1759,114.60510000000001,42.705299999999994,142.3624,71.2018,2020-03-01
93.03569999999999,34.8988,55.2068,42.936099999999996,135.3605,174.9082,105.6461,40.6381,124.67379999999999,57.5775,2020-04-01
101.2257,44.007799999999996,61.4305,57.2691,155.9736,193.6738,125.7042,46.2021,130.8772,64.3441,2020-05-01
104.3967,47.1232,65.2208,58.7786,168.4939,202.90779999999998,133.2858,48.2252,136.2783,67.39920000000001,2020-06-01
100.38600000000001,53.2897,68.1261,57.782399999999996,174.7471,196.3788,134.8561,46.084799999999994,133.7074,64.0504,2020-07-01
106.19940000000001,63.2355,71.1222,55.89810000000001,187.90330000000003,208.6491,149.6901,48.0273,141.9544,66.7528,2020-08-01
111.615,90.1534,75.548,55.5974,208.71580000000003,220.25990000000002,161.5975,49.1131,138.1335,71.3225,2020-09-01
108.7251,81.9964,75.4324,48.1237,198.39970000000002,215.8656,155.2464,48.1545,137.2227,69.25659999999999,2020-10-01
105.7105,79.3236,74.7668,46.722,194.7976,209.74310000000003,151.0014,46.0022,143.1401,68.0629,2020-11-01
116.03790000000001,106.1523,85.0282,59.3683,216.21290000000002,242.52169999999998,165.168,50.7471,146.3469,78.8234,2020-12-01
121.26370000000001,122.43780000000001,87.05950000000001,62.5515,227.90380000000002,254.96259999999998,168.2935,53.2147,146.7969,83.21780000000001,2021-01-01
116.1627,136.48239999999998,85.17379999999999,65.4628,229.8881,248.89700000000002,168.12490000000003,55.1532,145.9664,81.0719,2021-02-01
117.6215,125.3828,89.7245,80.7552,233.5478,259.47610000000003,165.1966,54.565,138.6832,89.1291,2021-03-01
125.5033,126.461,96.5563,83.3014,238.4874,268.2251,175.00580000000002,54.4247,152.5195,93.9297,2021-04-01
130.5549,132.0158,98.79690000000001,83.87899999999999,254.87509999999997,280.0057,187.22459999999998,55.9948,158.361,99.65360000000001,2021-05-01
132.9961,124.90350000000001,101.55,88.3116,253.5641,283.4332,183.69979999999998,55.8608,155.9518,102.6215,2021-06-01
124.2923,126.8387,97.4691,93.206,233.225,286.6931,176.93650000000002,50.9758,159.1377,85.32440000000001,2021-07-01
124.5024,125.6162,98.88680000000001,85.7396,242.08360000000002,286.3436,177.2907,52.5032,163.5596,85.07879999999999,2021-08-01
124.01610000000001,127.7841,99.39959999999999,84.06790000000001,253.896,300.57419999999996,182.5639,53.9735,168.1748,87.6006,2021-09-01
117.7604,132.6523,93.805,93.2956,239.7951,283.7392,174.44209999999998,50.788599999999995,159.5191,86.0875,2021-10-01
122.09200000000001,173.5744,99.0116,104.4601,260.0086,275.347,184.00150000000002,51.9801,167.4548,92.4306,2021-11-01
117.7929,177.85490000000001,98.1648,99.72120000000001,264.4723,255.4786,186.52880000000002,49.8012,163.4828,87.5041,2021-12-01
126.7674,171.37290000000002,103.7714,102.5514,268.8079,265.5567,189.1945,53.117700000000006,176.96490000000003,92.1505,2022-01-01
125.8547,153.65290000000002,97.8501,121.4466,246.4416,259.0557,172.4036,48.3755,173.02650000000003,89.5536,2022-02-01
125.89620000000001,142.7135,97.15799999999999,131.8511,236.1796,259.5909,170.1721,47.9437,170.4034,87.99889999999999,2022-03-01
126.5018,165.609,98.33139999999999,144.5079,244.62380000000002,255.6414,175.0488,50.4079,186.4102,89.26780000000001,2022-04-01
129.2933,137.4633,93.5125,143.92520000000002,214.4312,227.2538,158.9608,47.098800000000004,179.24869999999999,81.4412,2022-05-01
127.0624,126.4487,93.23100000000001,167.91549999999998,210.34330000000003,246.8102,152.263,47.611000000000004,187.0979,82.0858,2022-06-01
107.9252,102.4002,78.0051,134.2361,166.9564,204.44369999999998,123.6771,42.110299999999995,165.757,63.5355,2022-07-01
112.3522,131.7856,84.6376,148.2143,187.0596,203.31799999999998,141.78959999999998,43.4345,175.8897,69.3929,2022-08-01
110.1837,123.9992,81.6565,152.1594,178.24259999999998,200.9519,137.5745,41.2782,175.4747,67.6882,2022-09-01
100.41040000000001,115.85799999999999,72.3255,138.85049999999998,158.71030000000002,173.11169999999998,127.37,40.559,154.6183,62.6813,2022-10-01
110.3691,109.14370000000001,81.0424,172.1062,167.1657,190.3339,132.7148,44.2037,159.8117,70.2446,2022-11-01
117.51559999999999,100.182,88.1913,174.2055,176.8285,197.9897,137.98069999999998,46.5959,171.9168,77.8306,2022-12-01
113.9421,71.9317,86.23610000000001,166.55560000000003,163.6165,184.4616,127.77,46.211099999999995,169.3788,74.0397,2023-01-01
114.2016,94.73010000000001,91.23559999999999,171.1345,180.94060000000002,208.3244,140.17940000000002,45.9396,168.7012,80.0391,2023-02-01
111.6355,104.7677,90.1726,158.4479,181.37,194.71310000000003,133.74200000000002,44.3217,158.9891,78.9416,2023-03-01
114.4985,104.0697,90.39129999999999,157.2778,200.56060000000002,194.4318,138.0943,45.711400000000005,164.6834,75.6796,2023-04-01
118.83879999999999,88.1324,89.8318,161.2684,202.10080000000002,198.95,142.04319999999998,47.6932,167.2796,77.80279999999999,2023-05-01
112.3925,99.98450000000001,84.8735,146.1874,220.34279999999998,180.1688,143.4915,46.2603,156.7683,76.1382,2023-06-01
109.7602,123.8407,90.6613,139.359,224.1052,177.9445,151.64430000000002,47.356899999999996,163.1379,77.7976,2023-07-01
112.96709999999999,128.5044,93.8381,150.41389999999998,235.18970000000002,178.5952,155.8393,47.5203,167.3718,82.9665,2023-08-01
108.46620000000001,124.2085,91.42200000000001,153.5926,231.5416,178.82229999999998,154.9232,47.734399999999994,157.6888,80.52680000000001,2023-09-01
103.0371,120.9818,85.4764,158.2499,217.90330000000003,173.0634,147.6397,46.0118,149.3455,78.4048,2023-10-01
100.3672,99.2834,83.8009,150.4748,215.39759999999998,171.6614,149.121,44.4274,150.7679,76.6121,2023-11-01
105.01440000000001,114.84729999999999,91.08059999999999,147.4266,243.4741,186.8322,160.0992,46.9713,157.5927,86.0437,2023-12-01
108.40299999999999,122.2395,96.9323,147.514,255.3677,197.9402,169.7678,50.4243,159.8586,92.0074,2024-01-01
107.6892,100.3417,95.6285,148.5903,264.406,209.8031,173.03209999999999,52.6275,154.8392,93.2594,2024-02-01
110.8809,108.5234,100.93610000000001,152.2448,281.89619999999996,203.91459999999998,191.3033,55.2748,157.8048,98.4447,2024-03-01
113.6667,102.4667,105.87379999999999,168.9632,289.3331,210.1427,196.2321,57.049,168.3999,103.9273,2024-04-01
111.8354,103.7277,102.1969,163.5491,276.9478,195.2674,187.53,54.146800000000006,170.7884,100.0168,2024-05-01
113.3079,103.87989999999999,105.0406,161.7576,301.8525,202.37,191.8912,56.313199999999995,186.18720000000002,103.988,2024-06-01
107.00659999999999,105.7421,100.2465,163.71190000000001,317.8238,194.2953,195.75240000000002,56.225500000000004,182.39509999999999,97.43889999999999,2024-07-01
113.5719,117.9456,104.12270000000001,168.5546,314.6274,204.3804,198.0883,56.8701,193.7793,104.6593,2024-08-01
118.926,111.7342,106.4059,163.9865,320.1193,209.3014,201.9218,60.877700000000004,201.61430000000001,109.012,2024-09-01
120.955,127.6161,109.5852,160.144,331.838,221.0338,211.46009999999998,60.156400000000005,213.8414,110.6645,2024-10-01
117.74799999999999,123.60079999999999,105.8672,160.7921,332.5362,225.03400000000002,209.7223,58.3795,215.1344,113.2826,2024-11-01
120.8657,161.7661,112.8433,171.9881,349.8753,250.3436,232.87779999999998,58.4913,228.65900000000002,126.2094,2024-12-01
0.0021,0.0054,0.0034000000000000002,0.0031,0.0024,0.0054,0.0026,0.0012,0.005,0.0034000000000000002,2020-01-01
0.0025,0.0042,0.0032,0.0037,0.0033,0.0070999999999999995,0.0027,0.0017000000000000001,0.0064,0.0046,2020-02-01
0.0028000000000000004,0.0039000000000000003,0.0032,0.0042,0.003,0.0055000000000000005,0.003,0.0017000000000000001,0.0062,0.0046,2020-03-01
0.0026,0.0045000000000000005,0.0026,0.0039000000000000003,0.0024,0.005699999999999999,0.0029,0.0021,0.0059,0.0042,2020-04-01
0.0029,0.0058,0.003,0.0034999999999999996,0.0029,0.005,0.0029,0.0023,0.0048,0.004699999999999999,2020-05-01
0.003,0.0045000000000000005,0.0027,0.0036,0.0028000000000000004,0.0051,0.003,0.0024,0.0046,0.0046,2020-06-01
0.0027,0.003,0.0026,0.0034999999999999996,0.0025,0.005,0.003,0.0024,0.0045000000000000005,0.0046,2020-07-01
0.0032,0.0054,0.0032,0.0033,0.0029,0.0063,0.004,0.0029,0.0046,0.0072,2020-08-01
0.0031,0.0067,0.0046,0.0058,0.0034999999999999996,0.0074,0.0046,0.0033,0.0069,0.008100000000000001,2020-09-01
0.0029,0.0045000000000000005,0.0038,0.005699999999999999,0.0033,0.0064,0.0040999999999999995,0.0042,0.0070999999999999995,0.008,2020-10-01
0.0026,0.0039000000000000003,0.0031,0.0045000000000000005,0.003,0.0051,0.0034999999999999996,0.0034999999999999996,0.006,0.0072,2020-11-01
0.0025,0.0051,0.0036,0.0058,0.0031,0.0049,0.0032,0.0033,0.005600000000000001,0.008100000000000001,2020-12-01
0.0022,0.006500000000000001,0.0036,0.0031,0.0022,0.0058,0.0033,0.0012,0.0048,0.0038,2020-01-01
0.0027,0.0046,0.0034000000000000002,0.0039000000000000003,0.0024,0.005,0.0027,0.0014000000000000002,0.0059,0.0043,2020-02-01
0.0028000000000000004,0.0042,0.0034999999999999996,0.0048,0.0037,0.0063,0.0034999999999999996,0.0021,0.0075,0.0054,2020-03-01
0.0028000000000000004,0.0045000000000000005,0.0028000000000000004,0.0045000000000000005,0.0025,0.005600000000000001,0.0031,0.0021,0.0062,0.0045000000000000005,2020-04-01
0.0028000000000000004,0.0048,0.0029,0.0042,0.0027,0.0046,0.0031,0.0023,0.0054,0.004699999999999999,2020-05-01
0.0031,0.0051,0.003,0.004,0.0027,0.0055000000000000005,0.0031,0.0024,0.0049,0.004699999999999999,2020-06-01
0.0034999999999999996,0.0034999999999999996,0.003,0.0040999999999999995,0.0027,0.0060999999999999995,0.0032,0.0024,0.0046,0.0045000000000000005,2020-07-01
0.0026,0.0043,0.0029,0.0037,0.0025,0.0051,0.0037,0.0026,0.0044,0.0052,2020-08-01
0.0032,0.0089,0.0049,0.0059,0.0045000000000000005,0.0078000000000000005,0.0055000000000000005,0.0034999999999999996,0.0068000000000000005,0.0085,2020-09-01
0.0029,0.0046,0.0037,0.0051,0.0031,0.0060999999999999995,0.0039000000000000003,0.0037,0.0066,0.0083,2020-10-01
0.0028000000000000004,0.0036,0.0033,0.005,0.003,0.005699999999999999,0.0036,0.0039000000000000003,0.0066,0.0070999999999999995,2020-11-01
0.0026,0.0051,0.0037,0.0054,0.0034000000000000002,0.005699999999999999,0.0034999999999999996,0.0036,0.0059,0.009300000000000001,2020-12-01
